transaction_id,customer_id,customer_name,phone_number,source_account,beneficiary_id,beneficiary_name,beneficiary_phone,destination_account,amount,currency,payment_type,transaction_status,created_at,expected_recipient,expected_amount,expected_account,actual_recipient,actual_amount,actual_account,risk_score,verification_status,anomaly_type,recovery_strategy,checkpoint_id,batch_id,duplicate_of
TXN00000001,CUS1004743,Ananya Patel,+91-9000017954,ACC1000137,BEN1003092,Manish Malhotra,+91-9000018523,ACC1009412,500.00,INR,INTERNAL_TRANSFER,COMPLETED,2026-03-01T09:00:00+00:00,Manish Malhotra,500.00,ACC1009412,Manish Malhotra,500.00,ACC1009412,29,VERIFIED,NONE,NONE,CP-PAY-000001,BATCH-2026-001,
TXN00000002,CUS1003538,Amit Iyer,+91-9000098809,ACC1000229,BEN1004582,Aditi Mehta,+91-9000059998,ACC1006291,500.00,INR,INTERNAL_TRANSFER,COMPLETED,2026-03-01T09:00:24+00:00,Aditi Mehta,500.00,ACC1006291,Aditi Mehta,500.00,ACC1006291,29,VERIFIED,NONE,NONE,CP-PAY-000002,BATCH-2026-001,
TXN00000003,CUS1000087,Pranav Reddy,+91-9000070844,ACC1001754,BEN1000830,Manish Banerjee,+91-9000098575,ACC1009414,500.00,INR,VENDOR_PAYMENT,COMPLETED,2026-03-01T09:00:48+00:00,Manish Banerjee,500.00,ACC1009414,Manish Banerjee,500.00,ACC1009414,16,VERIFIED,NONE,NONE,CP-PAY-000003,BATCH-2026-001,
TXN00000004,CUS1000885,Ananya Sharma,+91-9000088010,ACC1002922,BEN1000554,Riya Nair,+91-9000085132,ACC1004033,5000.00,INR,NEFT_SIMULATION,COMPLETED,2026-03-01T09:01:12+00:00,Riya Nair,5000.00,ACC1004033,Riya Nair,5000.00,ACC1004033,25,VERIFIED,NONE,NONE,CP-PAY-000004,BATCH-2026-001,
TXN00000005,CUS1003643,Divya Gupta,+91-9000028045,ACC1000181,BEN1000496,Deepak Mehta,+91-9000086614,ACC1006571,2500.00,INR,NEFT_SIMULATION,COMPLETED,2026-03-01T09:01:36+00:00,Deepak Mehta,2500.00,ACC1006571,Deepak Mehta,2500.00,ACC1006571,38,VERIFIED,NONE,NONE,CP-PAY-000005,BATCH-2026-001,
TXN00000006,CUS1004434,Suresh Rao,+91-9000029321,ACC1001924,BEN1002529,Rohan Sen,+91-9000048150,ACC1006022,50000.00,INR,VENDOR_PAYMENT,COMPLETED,2026-03-01T09:02:00+00:00,Rohan Sen,50000.00,ACC1006022,Rohan Sen,50000.00,ACC1006022,31,VERIFIED,NONE,NONE,CP-PAY-000006,BATCH-2026-001,
TXN00000007,CUS1001185,Aditi Gupta,+91-9000076467,ACC1002292,BEN1000448,Pooja Joshi,+91-9000035612,ACC1004642,5000.00,INR,IMPS_SIMULATION,COMPLETED,2026-03-01T09:02:24+00:00,Pooja Joshi,5000.00,ACC1004642,Pooja Joshi,5000.00,ACC1004642,20,VERIFIED,NONE,NONE,CP-PAY-000007,BATCH-2026-001,
TXN00000008,CUS1001552,Sanjay Das,+91-9000071263,ACC1002457,BEN1002713,Vikram Menon,+91-9000084199,ACC1005750,5000.00,INR,INTERNAL_TRANSFER,COMPLETED,2026-03-01T09:02:48+00:00,Vikram Menon,5000.00,ACC1005750,Vikram Menon,5000.00,ACC1005750,13,VERIFIED,NONE,NONE,CP-PAY-000008,BATCH-2026-001,
TXN00000009,CUS1003722,Yash Verma,+91-9000075002,ACC1000899,BEN1000031,Sam Gupta,+91-9000040182,ACC1006822,5000.00,INR,IMPS_SIMULATION,COMPLETED,2026-03-01T09:03:12+00:00,Sam Gupta,5000.00,ACC1006822,Sam Gupta,5000.00,ACC1006822,34,VERIFIED,NONE,NONE,CP-PAY-000009,BATCH-2026-001,
TXN00000011,CUS1001593,Sam Menon,+91-9000057174,ACC1000180,BEN1000244,Gaurav Nair,+91-9000047237,ACC1004427,1000.00,INR,NEFT_SIMULATION,COMPLETED,2026-03-01T09:04:00+00:00,Gaurav Nair,1000.00,ACC1004427,Gaurav Nair,1000.00,ACC1004427,20,VERIFIED,NONE,NONE,CP-PAY-000011,BATCH-2026-001,
TXN00000010,CUS1002716,Tanvi Reddy,+91-9000036911,ACC1001640,BEN1001510,Varun Sharma,+91-9000057555,ACC1003082,500.00,INR,BANK_TRANSFER,PENDING,2026-03-01T09:03:36+00:00,Varun Sharma,500.00,ACC1003082,Rakesh Iyer,500.00,ACC1003082,87,FAILED,WRONG_RECIPIENT,CANCEL,CP-PAY-000010,BATCH-2026-001,
TXN00000058,CUS1003716,Kavya Reddy,+91-9000083681,ACC1002483,BEN1003940,Amit Sen,+91-9000027911,ACC1008857,2500.00,INR,IMPS_SIMULATION,PENDING,2026-03-01T09:22:48+00:00,Amit Sen,2500.00,ACC1008857,Zoya Nair,2500.00,ACC1008857,85,FAILED,WRONG_RECIPIENT,CANCEL,CP-PAY-000058,BATCH-2026-001,
TXN00000138,CUS1002657,Ishaan Nair,+91-9000086239,ACC1002580,BEN1003240,Deepak Chopra,+91-9000040372,ACC1008979,5000.00,INR,NEFT_SIMULATION,PENDING,2026-03-01T09:54:48+00:00,Deepak Chopra,5000.00,ACC1008979,Deepak Das,5000.00,ACC1008979,86,FAILED,WRONG_RECIPIENT,CANCEL,CP-PAY-000138,BATCH-2026-001,
TXN00000156,CUS1003849,Sneha Rao,+91-9000079133,ACC1002862,BEN1002454,Priya Kumar,+91-9000054215,ACC1006638,10000.00,INR,BANK_TRANSFER,PENDING,2026-03-01T10:02:00+00:00,Priya Kumar,10000.00,ACC1006638,Priya Kumar,10000.00,ACC2037587,83,FAILED,WRONG_ACCOUNT,CANCEL,CP-PAY-000156,BATCH-2026-001,
TXN00000159,CUS1003214,Divya Deshmukh,+91-9000089309,ACC1000317,BEN1003838,Priya Sen,+91-9000095550,ACC1008259,2500.00,INR,INTERNAL_TRANSFER,COMPLETED,2026-03-01T10:03:12+00:00,Priya Sen,2500.00,ACC1008259,Priya Sen,2500.00,ACC2021603,81,FAILED,WRONG_ACCOUNT,COMPENSATE,CP-PAY-000159,BATCH-2026-001,
TXN00000165,CUS1001767,Tanvi Pillai,+91-9000095749,ACC1000577,BEN1001320,Rahul Bhat,+91-9000089788,ACC1008337,2500.00,INR,NEFT_SIMULATION,PENDING,2026-03-01T10:05:36+00:00,Rahul Bhat,2500.00,ACC1008337,Rahul Bhat,12500.00,ACC1008337,87,FAILED,WRONG_AMOUNT,CANCEL,CP-PAY-000165,BATCH-2026-001,
TXN00000245,CUS1001508,Varun Gupta,+91-9000081659,ACC1001067,BEN1003598,Vikram Pillai,+91-9000090892,ACC1004010,2500.00,INR,BANK_TRANSFER,COMPLETED,2026-03-01T10:37:36+00:00,Vikram Pillai,2500.00,ACC1004010,Vikram Pillai,4500.00,ACC1004010,87,FAILED,WRONG_AMOUNT,COMPENSATE,CP-PAY-000245,BATCH-2026-001,
TXN00000113,CUS1000812,Yash Verma,+91-9000070693,ACC1001303,BEN1003192,Divya Joshi,+91-9000010772,ACC1009462,2500.00,INR,NEFT_SIMULATION,PENDING,2026-03-01T09:44:48+00:00,Divya Joshi,2500.00,ACC1009462,Divya Joshi,2500.00,ACC1009462,89,FAILED,DUPLICATE_PAYMENT,CANCEL,CP-PAY-000113,BATCH-2026-001,TXN00000104
TXN00000161,CUS1001736,Rohan Sharma,+91-9000050516,ACC1000769,BEN1004520,Gaurav Banerjee,+91-9000014242,ACC1004969,1000.00,INR,VENDOR_PAYMENT,UNKNOWN,2026-03-01T10:04:00+00:00,Gaurav Banerjee,1000.00,ACC1004969,Gaurav Banerjee,1000.00,ACC1004969,71,FAILED,PAYMENT_TIMEOUT,VERIFY_BEFORE_RETRY,CP-PAY-000161,BATCH-2026-001,
TXN00000256,CUS1000789,Gaurav Verma,+91-9000028423,ACC1000022,BEN1002946,Suresh Kumar,+91-9000084487,ACC1007478,10000.00,INR,NEFT_SIMULATION,PROCESSING,2026-03-01T10:42:00+00:00,Suresh Kumar,10000.00,ACC1007478,Divya Pillai,10000.00,ACC1007478,96,FAILED,WRONG_RECIPIENT,HUMAN_ESCALATION,CP-PAY-000256,BATCH-2026-002,
