record_id,workflow_id,workflow_type,city,area,customer_id,customer_name,synthetic_phone,synthetic_email,business_id,business_name,agent_id,step_id,step_number,total_steps,tool_name,action,compensation_action,reversible,idempotent,requires_approval,dependency_ids,idempotency_key,execution_status,fault_type,fault_position,crash_after_step,checkpoint_id,previous_state,expected_state,actual_state,compensation_status,recovery_strategy,human_intervention_required,verification_status,final_world_state,created_at,updated_at
"REC-CHN-000001-01","WF-CHN-HOTEL_BOOKING-000001","hotel_booking","Chennai","T. Nagar","CUS-CHN-000001","Arun Kumar","+91-90000-00001","customer000001@example.test","BUS-CHN-0002","Marina Comfort Suites (SYNTHETIC DEMO ENTITY)","AGT-CHN-HOT-01","STEP-01","1","5","hotel_search","search_hotel",,"false","true","false","NONE","WF-CHN-HOTEL_BOOKING-000001-STEP-01-search_hotel","COMPLETED","NORMAL",,,"CP-CHN-000001-STEP-01","State before search_hotel in T. Nagar","Expected valid search_hotel","Committed search_hotel","COMMITTED_IRREVERSIBLE","NONE_REQUIRED","false","PASSED","RESTORED_OR_COMMITTED","2026-10-04T00:46:24.103Z","2026-10-05T04:33:03.104Z"
"REC-CHN-000001-02","WF-CHN-HOTEL_BOOKING-000001","hotel_booking","Chennai","T. Nagar","CUS-CHN-000001","Arun Kumar","+91-90000-00001","customer000001@example.test","BUS-CHN-0002","Marina Comfort Suites (SYNTHETIC DEMO ENTITY)","AGT-CHN-HOT-01","STEP-02","2","5","room_selection","select_room",,"false","true","false","STEP-01","WF-CHN-HOTEL_BOOKING-000001-STEP-02-select_room","COMPLETED","NORMAL",,,"CP-CHN-000001-STEP-02","State before select_room in T. Nagar","Expected valid select_room","Committed select_room","COMMITTED_IRREVERSIBLE","NONE_REQUIRED","false","PASSED","RESTORED_OR_COMMITTED","2026-10-04T00:46:24.104Z","2026-10-05T04:33:03.104Z"
"REC-CHN-000001-03","WF-CHN-HOTEL_BOOKING-000001","hotel_booking","Chennai","T. Nagar","CUS-CHN-000001","Arun Kumar","+91-90000-00001","customer000001@example.test","BUS-CHN-0002","Marina Comfort Suites (SYNTHETIC DEMO ENTITY)","AGT-CHN-HOT-01","STEP-03","3","5","room_booking","book_room","cancel_booking","true","true","false","STEP-02","WF-CHN-HOTEL_BOOKING-000001-STEP-03-book_room","COMPLETED","NORMAL",,,"CP-CHN-000001-STEP-03","State before book_room in T. Nagar","Expected valid book_room","Committed book_room","STANDBY_REVERSIBLE","NONE_REQUIRED","false","PASSED","RESTORED_OR_COMMITTED","2026-10-04T00:46:24.104Z","2026-10-05T04:33:03.104Z"
"REC-CHN-000001-04","WF-CHN-HOTEL_BOOKING-000001","hotel_booking","Chennai","T. Nagar","CUS-CHN-000001","Arun Kumar","+91-90000-00001","customer000001@example.test","BUS-CHN-0002","Marina Comfort Suites (SYNTHETIC DEMO ENTITY)","AGT-CHN-HOT-01","STEP-04","4","5","payment_processor","charge_card","refund_payment","true","true","false","STEP-03","WF-CHN-HOTEL_BOOKING-000001-STEP-04-charge_card","COMPLETED","NORMAL",,,"CP-CHN-000001-STEP-04","State before charge_card in T. Nagar","Expected valid charge_card","Committed charge_card","STANDBY_REVERSIBLE","NONE_REQUIRED","false","PASSED","RESTORED_OR_COMMITTED","2026-10-04T00:46:24.104Z","2026-10-05T04:33:03.104Z"
"REC-CHN-000001-05","WF-CHN-HOTEL_BOOKING-000001","hotel_booking","Chennai","T. Nagar","CUS-CHN-000001","Arun Kumar","+91-90000-00001","customer000001@example.test","BUS-CHN-0002","Marina Comfort Suites (SYNTHETIC DEMO ENTITY)","AGT-CHN-HOT-01","STEP-05","5","5","email_service","email_customer",,"false","true","true","STEP-04","WF-CHN-HOTEL_BOOKING-000001-STEP-05-email_customer","COMPLETED","NORMAL",,,"CP-CHN-000001-STEP-05","State before email_customer in T. Nagar","Expected valid email_customer","Committed email_customer","COMMITTED_IRREVERSIBLE","NONE_REQUIRED","false","PASSED","RESTORED_OR_COMMITTED","2026-10-04T00:46:24.104Z","2026-10-05T04:33:03.104Z"
"REC-CHN-000002-01","WF-CHN-ECOMMERCE_ORDER-000002","ecommerce_order","Chennai","Velachery","CUS-CHN-000002","Kavin Raj","+91-90000-00002","customer000002@example.test","BUS-CHN-0003","OMR SuperStore Online (SYNTHETIC DEMO ENTITY)","AGT-CHN-ECO-01","STEP-01","1","5","order_service","create_order","cancel_order","true","true","false","NONE","WF-CHN-ECOMMERCE_ORDER-000002-STEP-01-create_order","COMPLETED","NORMAL",,,"CP-CHN-000002-STEP-01","State before create_order in Velachery","Expected valid create_order","Committed create_order","STANDBY_REVERSIBLE","NONE_REQUIRED","false","PASSED","RESTORED_OR_COMMITTED","2026-10-04T00:46:25.104Z","2026-10-05T04:33:03.104Z"
"REC-CHN-000002-02","WF-CHN-ECOMMERCE_ORDER-000002","ecommerce_order","Chennai","Velachery","CUS-CHN-000002","Kavin Raj","+91-90000-00002","customer000002@example.test","BUS-CHN-0003","OMR SuperStore Online (SYNTHETIC DEMO ENTITY)","AGT-CHN-ECO-01","STEP-02","2","5","inventory_service","reserve_inventory","release_inventory","true","true","false","STEP-01","WF-CHN-ECOMMERCE_ORDER-000002-STEP-02-reserve_inventory","COMPLETED","NORMAL",,,"CP-CHN-000002-STEP-02","State before reserve_inventory in Velachery","Expected valid reserve_inventory","Committed reserve_inventory","STANDBY_REVERSIBLE","NONE_REQUIRED","false","PASSED","RESTORED_OR_COMMITTED","2026-10-04T00:46:25.104Z","2026-10-05T04:33:03.104Z"
"REC-CHN-000002-03","WF-CHN-ECOMMERCE_ORDER-000002","ecommerce_order","Chennai","Velachery","CUS-CHN-000002","Kavin Raj","+91-90000-00002","customer000002@example.test","BUS-CHN-0003","OMR SuperStore Online (SYNTHETIC DEMO ENTITY)","AGT-CHN-ECO-01","STEP-03","3","5","payment_service","charge_card","refund_payment","true","true","false","STEP-02","WF-CHN-ECOMMERCE_ORDER-000002-STEP-03-charge_card","COMPLETED","NORMAL",,,"CP-CHN-000002-STEP-03","State before charge_card in Velachery","Expected valid charge_card","Committed charge_card","STANDBY_REVERSIBLE","NONE_REQUIRED","false","PASSED","RESTORED_OR_COMMITTED","2026-10-04T00:46:25.104Z","2026-10-05T04:33:03.104Z"
"REC-CHN-000002-04","WF-CHN-ECOMMERCE_ORDER-000002","ecommerce_order","Chennai","Velachery","CUS-CHN-000002","Kavin Raj","+91-90000-00002","customer000002@example.test","BUS-CHN-0003","OMR SuperStore Online (SYNTHETIC DEMO ENTITY)","AGT-CHN-ECO-01","STEP-04","4","5","shipment_service","create_shipment","cancel_shipment","true","true","false","STEP-03","WF-CHN-ECOMMERCE_ORDER-000002-STEP-04-create_shipment","COMPLETED","NORMAL",,,"CP-CHN-000002-STEP-04","State before create_shipment in Velachery","Expected valid create_shipment","Committed create_shipment","STANDBY_REVERSIBLE","NONE_REQUIRED","false","PASSED","RESTORED_OR_COMMITTED","2026-10-04T00:46:25.104Z","2026-10-05T04:33:03.104Z"
"REC-CHN-000002-05","WF-CHN-ECOMMERCE_ORDER-000002","ecommerce_order","Chennai","Velachery","CUS-CHN-000002","Kavin Raj","+91-90000-00002","customer000002@example.test","BUS-CHN-0003","OMR SuperStore Online (SYNTHETIC DEMO ENTITY)","AGT-CHN-ECO-01","STEP-05","5","5","notification_service","email_customer",,"false","true","true","STEP-04","WF-CHN-ECOMMERCE_ORDER-000002-STEP-05-email_customer","COMPLETED","NORMAL",,,"CP-CHN-000002-STEP-05","State before email_customer in Velachery","Expected valid email_customer","Committed email_customer","COMMITTED_IRREVERSIBLE","NONE_REQUIRED","false","PASSED","RESTORED_OR_COMMITTED","2026-10-04T00:46:25.104Z","2026-10-05T04:33:03.104Z"
"REC-CHN-000003-01","WF-CHN-CUSTOMER_SUPPORT-000003","customer_support","Chennai","Anna Nagar","CUS-CHN-000003","Priya Anand","+91-90000-00003","customer000003@example.test","BUS-CHN-0004","Southern Tech Helpdesk (SYNTHETIC DEMO ENTITY)","AGT-CHN-CUS-01","STEP-01","1","5","crm_service","create_ticket","close_ticket","true","true","false","NONE","WF-CHN-CUSTOMER_SUPPORT-000003-STEP-01-create_ticket","COMPLETED","NORMAL",,,"CP-CHN-000003-STEP-01","State before create_ticket in Anna Nagar","Expected valid create_ticket","Committed create_ticket","STANDBY_REVERSIBLE","NONE_REQUIRED","false","PASSED","RESTORED_OR_COMMITTED","2026-10-04T00:46:26.104Z","2026-10-05T04:33:03.104Z"
"REC-CHN-000003-02","WF-CHN-CUSTOMER_SUPPORT-000003","customer_support","Chennai","Anna Nagar","CUS-CHN-000003","Priya Anand","+91-90000-00003","customer000003@example.test","BUS-CHN-0004","Southern Tech Helpdesk (SYNTHETIC DEMO ENTITY)","AGT-CHN-CUS-01","STEP-02","2","5","routing_service","assign_agent","unassign_agent","true","true","false","STEP-01","WF-CHN-CUSTOMER_SUPPORT-000003-STEP-02-assign_agent","COMPLETED","NORMAL",,,"CP-CHN-000003-STEP-02","State before assign_agent in Anna Nagar","Expected valid assign_agent","Committed assign_agent","STANDBY_REVERSIBLE","NONE_REQUIRED","false","PASSED","RESTORED_OR_COMMITTED","2026-10-04T00:46:26.104Z","2026-10-05T04:33:03.104Z"
"REC-CHN-000003-03","WF-CHN-CUSTOMER_SUPPORT-000003","customer_support","Chennai","Anna Nagar","CUS-CHN-000003","Priya Anand","+91-90000-00003","customer000003@example.test","BUS-CHN-0004","Southern Tech Helpdesk (SYNTHETIC DEMO ENTITY)","AGT-CHN-CUS-01","STEP-03","3","5","customer_record_service","update_customer_record","restore_customer_record","true","true","false","STEP-02","WF-CHN-CUSTOMER_SUPPORT-000003-STEP-03-update_customer_record","COMPLETED","NORMAL",,,"CP-CHN-000003-STEP-03","State before update_customer_record in Anna Nagar","Expected valid update_customer_record","Committed update_customer_record","STANDBY_REVERSIBLE","NONE_REQUIRED","false","PASSED","RESTORED_OR_COMMITTED","2026-10-04T00:46:26.104Z","2026-10-05T04:33:03.104Z"
"REC-CHN-000003-04","WF-CHN-CUSTOMER_SUPPORT-000003","customer_support","Chennai","Anna Nagar","CUS-CHN-000003","Priya Anand","+91-90000-00003","customer000003@example.test","BUS-CHN-0004","Southern Tech Helpdesk (SYNTHETIC DEMO ENTITY)","AGT-CHN-CUS-01","STEP-04","4","5","resolution_service","create_resolution","revert_resolution","true","true","false","STEP-03","WF-CHN-CUSTOMER_SUPPORT-000003-STEP-04-create_resolution","COMPLETED","NORMAL",,,"CP-CHN-000003-STEP-04","State before create_resolution in Anna Nagar","Expected valid create_resolution","Committed create_resolution","STANDBY_REVERSIBLE","NONE_REQUIRED","false","PASSED","RESTORED_OR_COMMITTED","2026-10-04T00:46:26.104Z","2026-10-05T04:33:03.104Z"
"REC-CHN-000003-05","WF-CHN-CUSTOMER_SUPPORT-000003","customer_support","Chennai","Anna Nagar","CUS-CHN-000003","Priya Anand","+91-90000-00003","customer000003@example.test","BUS-CHN-0004","Southern Tech Helpdesk (SYNTHETIC DEMO ENTITY)","AGT-CHN-CUS-01","STEP-05","5","5","notification_service","email_customer",,"false","true","true","STEP-04","WF-CHN-CUSTOMER_SUPPORT-000003-STEP-05-email_customer","COMPLETED","NORMAL",,,"CP-CHN-000003-STEP-05","State before email_customer in Anna Nagar","Expected valid email_customer","Committed email_customer","COMMITTED_IRREVERSIBLE","NONE_REQUIRED","false","PASSED","RESTORED_OR_COMMITTED","2026-10-04T00:46:26.104Z","2026-10-05T04:33:03.104Z"
"REC-CHN-000004-01","WF-CHN-RESTAURANT_RESERVATION-000004","restaurant_reservation","Chennai","Mylapore","CUS-CHN-000004","Divya Krishnan","+91-90000-00004","customer000004@example.test","BUS-CHN-0005","Mylapore Rasam & Curries (SYNTHETIC DEMO ENTITY)","AGT-CHN-RES-01","STEP-01","1","5","dining_search","find_restaurant",,"false","true","false","NONE","WF-CHN-RESTAURANT_RESERVATION-000004-STEP-01-find_restaurant","COMPLETED","NORMAL",,,"CP-CHN-000004-STEP-01","State before find_restaurant in Mylapore","Expected valid find_restaurant","Committed find_restaurant","COMMITTED_IRREVERSIBLE","NONE_REQUIRED","false","PASSED","RESTORED_OR_COMMITTED","2026-10-04T00:46:27.104Z","2026-10-05T04:33:03.104Z"
"REC-CHN-000004-02","WF-CHN-RESTAURANT_RESERVATION-000004","restaurant_reservation","Chennai","Mylapore","CUS-CHN-000004","Divya Krishnan","+91-90000-00004","customer000004@example.test","BUS-CHN-0005","Mylapore Rasam & Curries (SYNTHETIC DEMO ENTITY)","AGT-CHN-RES-01","STEP-02","2","5","table_booking","reserve_table","release_table","true","true","false","STEP-01","WF-CHN-RESTAURANT_RESERVATION-000004-STEP-02-reserve_table","COMPLETED","NORMAL",,,"CP-CHN-000004-STEP-02","State before reserve_table in Mylapore","Expected valid reserve_table","Committed reserve_table","STANDBY_REVERSIBLE","NONE_REQUIRED","false","PASSED","RESTORED_OR_COMMITTED","2026-10-04T00:46:27.104Z","2026-10-05T04:33:03.104Z"
"REC-CHN-000004-03","WF-CHN-RESTAURANT_RESERVATION-000004","restaurant_reservation","Chennai","Mylapore","CUS-CHN-000004","Divya Krishnan","+91-90000-00004","customer000004@example.test","BUS-CHN-0005","Mylapore Rasam & Curries (SYNTHETIC DEMO ENTITY)","AGT-CHN-RES-01","STEP-03","3","5","deposit_service","charge_deposit","refund_deposit","true","true","false","STEP-02","WF-CHN-RESTAURANT_RESERVATION-000004-STEP-03-charge_deposit","COMPLETED","NORMAL",,,"CP-CHN-000004-STEP-03","State before charge_deposit in Mylapore","Expected valid charge_deposit","Committed charge_deposit","STANDBY_REVERSIBLE","NONE_REQUIRED","false","PASSED","RESTORED_OR_COMMITTED","2026-10-04T00:46:27.104Z","2026-10-05T04:33:03.104Z"
"REC-CHN-000004-04","WF-CHN-RESTAURANT_RESERVATION-000004","restaurant_reservation","Chennai","Mylapore","CUS-CHN-000004","Divya Krishnan","+91-90000-00004","customer000004@example.test","BUS-CHN-0005","Mylapore Rasam & Curries (SYNTHETIC DEMO ENTITY)","AGT-CHN-RES-01","STEP-04","4","5","reservation_service","create_reservation","cancel_reservation","true","true","false","STEP-03","WF-CHN-RESTAURANT_RESERVATION-000004-STEP-04-create_reservation","COMPLETED","NORMAL",,,"CP-CHN-000004-STEP-04","State before create_reservation in Mylapore","Expected valid create_reservation","Committed create_reservation","STANDBY_REVERSIBLE","NONE_REQUIRED","false","PASSED","RESTORED_OR_COMMITTED","2026-10-04T00:46:27.104Z","2026-10-05T04:33:03.104Z"
"REC-CHN-000004-05","WF-CHN-RESTAURANT_RESERVATION-000004","restaurant_reservation","Chennai","Mylapore","CUS-CHN-000004","Divya Krishnan","+91-90000-00004","customer000004@example.test","BUS-CHN-0005","Mylapore Rasam & Curries (SYNTHETIC DEMO ENTITY)","AGT-CHN-RES-01","STEP-05","5","5","messaging_service","send_confirmation",,"false","true","true","STEP-04","WF-CHN-RESTAURANT_RESERVATION-000004-STEP-05-send_confirmation","COMPLETED","NORMAL",,,"CP-CHN-000004-STEP-05","State before send_confirmation in Mylapore","Expected valid send_confirmation","Committed send_confirmation","COMMITTED_IRREVERSIBLE","NONE_REQUIRED","false","PASSED","RESTORED_OR_COMMITTED","2026-10-04T00:46:27.104Z","2026-10-05T04:33:03.104Z"
"REC-CHN-000005-01","WF-CHN-CAB_BOOKING-000005","cab_booking","Chennai","Adyar","CUS-CHN-000005","Sanjay Rao","+91-90000-00005","customer000005@example.test","BUS-CHN-0006","Coromandel Cabs (SYNTHETIC DEMO ENTITY)","AGT-CHN-CAB-01","STEP-01","1","5","ride_dispatcher","request_ride",,"false","true","false","NONE","WF-CHN-CAB_BOOKING-000005-STEP-01-request_ride","COMPLETED","NORMAL",,,"CP-CHN-000005-STEP-01","State before request_ride in Adyar","Expected valid request_ride","Committed request_ride","COMMITTED_IRREVERSIBLE","NONE_REQUIRED","false","PASSED","RESTORED_OR_COMMITTED","2026-10-04T00:46:28.104Z","2026-10-05T04:33:03.104Z"
"REC-CHN-000005-02","WF-CHN-CAB_BOOKING-000005","cab_booking","Chennai","Adyar","CUS-CHN-000005","Sanjay Rao","+91-90000-00005","customer000005@example.test","BUS-CHN-0006","Coromandel Cabs (SYNTHETIC DEMO ENTITY)","AGT-CHN-CAB-01","STEP-02","2","5","driver_assignment","assign_driver","release_driver","true","true","false","STEP-01","WF-CHN-CAB_BOOKING-000005-STEP-02-assign_driver","COMPLETED","NORMAL",,,"CP-CHN-000005-STEP-02","State before assign_driver in Adyar","Expected valid assign_driver","Committed assign_driver","STANDBY_REVERSIBLE","NONE_REQUIRED","false","PASSED","RESTORED_OR_COMMITTED","2026-10-04T00:46:28.104Z","2026-10-05T04:33:03.104Z"
"REC-CHN-000005-03","WF-CHN-CAB_BOOKING-000005","cab_booking","Chennai","Adyar","CUS-CHN-000005","Sanjay Rao","+91-90000-00005","customer000005@example.test","BUS-CHN-0006","Coromandel Cabs (SYNTHETIC DEMO ENTITY)","AGT-CHN-CAB-01","STEP-03","3","5","trip_service","confirm_ride","cancel_ride","true","true","false","STEP-02","WF-CHN-CAB_BOOKING-000005-STEP-03-confirm_ride","COMPLETED","NORMAL",,,"CP-CHN-000005-STEP-03","State before confirm_ride in Adyar","Expected valid confirm_ride","Committed confirm_ride","STANDBY_REVERSIBLE","NONE_REQUIRED","false","PASSED","RESTORED_OR_COMMITTED","2026-10-04T00:46:28.104Z","2026-10-05T04:33:03.104Z"
"REC-CHN-000005-04","WF-CHN-CAB_BOOKING-000005","cab_booking","Chennai","Adyar","CUS-CHN-000005","Sanjay Rao","+91-90000-00005","customer000005@example.test","BUS-CHN-0006","Coromandel Cabs (SYNTHETIC DEMO ENTITY)","AGT-CHN-CAB-01","STEP-04","4","5","fare_service","charge_payment","refund_payment","true","true","false","STEP-03","WF-CHN-CAB_BOOKING-000005-STEP-04-charge_payment","COMPLETED","NORMAL",,,"CP-CHN-000005-STEP-04","State before charge_payment in Adyar","Expected valid charge_payment","Committed charge_payment","STANDBY_REVERSIBLE","NONE_REQUIRED","false","PASSED","RESTORED_OR_COMMITTED","2026-10-04T00:46:28.104Z","2026-10-05T04:33:03.104Z"
"REC-CHN-000005-05","WF-CHN-CAB_BOOKING-000005","cab_booking","Chennai","Adyar","CUS-CHN-000005","Sanjay Rao","+91-90000-00005","customer000005@example.test","BUS-CHN-0006","Coromandel Cabs (SYNTHETIC DEMO ENTITY)","AGT-CHN-CAB-01","STEP-05","5","5","comm_service","send_confirmation",,"false","true","true","STEP-04","WF-CHN-CAB_BOOKING-000005-STEP-05-send_confirmation","COMPLETED","NORMAL",,,"CP-CHN-000005-STEP-05","State before send_confirmation in Adyar","Expected valid send_confirmation","Committed send_confirmation","COMMITTED_IRREVERSIBLE","NONE_REQUIRED","false","PASSED","RESTORED_OR_COMMITTED","2026-10-04T00:46:28.104Z","2026-10-05T04:33:03.104Z"
"REC-CHN-000006-01","WF-CHN-HOTEL_BOOKING-000006","hotel_booking","Chennai","OMR","CUS-CHN-000006","Nithya Kumar","+91-90000-00006","customer000006@example.test","BUS-CHN-0007","Anna Nagar Palms Boutique (SYNTHETIC DEMO ENTITY)","AGT-CHN-HOT-01","STEP-01","1","5","hotel_search","search_hotel",,"false","true","false","NONE","WF-CHN-HOTEL_BOOKING-000006-STEP-01-search_hotel","COMPLETED","STEP_FAILURE","4",,"CP-CHN-000006-STEP-01","State before search_hotel in OMR","Expected valid search_hotel","Originally completed, then reversed during recovery","NOT_APPLICABLE","REVERSE_COMPENSATE_STEP","false","PASSED","RESTORED","2026-10-04T00:46:29.104Z","2026-10-05T04:33:03.104Z"
"REC-CHN-000006-02","WF-CHN-HOTEL_BOOKING-000006","hotel_booking","Chennai","OMR","CUS-CHN-000006","Nithya Kumar","+91-90000-00006","customer000006@example.test","BUS-CHN-0007","Anna Nagar Palms Boutique (SYNTHETIC DEMO ENTITY)","AGT-CHN-HOT-01","STEP-02","2","5","room_selection","select_room",,"false","true","false","STEP-01","WF-CHN-HOTEL_BOOKING-000006-STEP-02-select_room","COMPLETED","STEP_FAILURE","4",,"CP-CHN-000006-STEP-02","State before select_room in OMR","Expected valid select_room","Originally completed, then reversed during recovery","NOT_APPLICABLE","REVERSE_COMPENSATE_STEP","false","PASSED","RESTORED","2026-10-04T00:46:29.104Z","2026-10-05T04:33:03.104Z"
"REC-CHN-000006-03","WF-CHN-HOTEL_BOOKING-000006","hotel_booking","Chennai","OMR","CUS-CHN-000006","Nithya Kumar","+91-90000-00006","customer000006@example.test","BUS-CHN-0007","Anna Nagar Palms Boutique (SYNTHETIC DEMO ENTITY)","AGT-CHN-HOT-01","STEP-03","3","5","room_booking","book_room","cancel_booking","true","true","false","STEP-02","WF-CHN-HOTEL_BOOKING-000006-STEP-03-book_room","COMPLETED","STEP_FAILURE","4",,"CP-CHN-000006-STEP-03","State before book_room in OMR","Expected valid book_room","Originally completed, then reversed during recovery","COMPENSATED","REVERSE_COMPENSATE_STEP","false","PASSED","RESTORED","2026-10-04T00:46:29.104Z","2026-10-05T04:33:03.104Z"
"REC-CHN-000006-04","WF-CHN-HOTEL_BOOKING-000006","hotel_booking","Chennai","OMR","CUS-CHN-000006","Nithya Kumar","+91-90000-00006","customer000006@example.test","BUS-CHN-0007","Anna Nagar Palms Boutique (SYNTHETIC DEMO ENTITY)","AGT-CHN-HOT-01","STEP-04","4","5","payment_processor","charge_card","refund_payment","true","true","false","STEP-03","WF-CHN-HOTEL_BOOKING-000006-STEP-04-charge_card","FAILED","STEP_FAILURE","4",,"CP-CHN-000006-STEP-04","State before charge_card in OMR","Expected valid charge_card","Failed at charge_card: STEP_FAILURE","TRIGGERING_RECOVERY","SAGA_REVERSE_COMPENSATION","false","FAILED_AT_STEP","RESTORED","2026-10-04T00:46:29.104Z","2026-10-05T04:33:03.104Z"
"REC-CHN-000006-05","WF-CHN-HOTEL_BOOKING-000006","hotel_booking","Chennai","OMR","CUS-CHN-000006","Nithya Kumar","+91-90000-00006","customer000006@example.test","BUS-CHN-0007","Anna Nagar Palms Boutique (SYNTHETIC DEMO ENTITY)","AGT-CHN-HOT-01","STEP-05","5","5","email_service","email_customer",,"false","true","true","STEP-04","WF-CHN-HOTEL_BOOKING-000006-STEP-05-email_customer","SKIPPED_DUE_TO_PREVIOUS_FAILURE","STEP_FAILURE","4",,"CP-CHN-000006-STEP-05","State before email_customer in OMR","Expected valid email_customer","Committed email_customer","SKIPPED","SAGA_REVERSE_COMPENSATION","false","PASSED","RESTORED","2026-10-04T00:46:29.104Z","2026-10-05T04:33:03.104Z"
"REC-CHN-000007-01","WF-CHN-ECOMMERCE_ORDER-000007","ecommerce_order","Chennai","Guindy","CUS-CHN-000007","Rahul Varma","+91-90000-00007","customer000007@example.test","BUS-CHN-0008","OMR SuperStore Online (SYNTHETIC DEMO ENTITY)","AGT-CHN-ECO-01","STEP-01","1","5","order_service","create_order","cancel_order","true","true","false","NONE","WF-CHN-ECOMMERCE_ORDER-000007-STEP-01-create_order","COMPLETED","STEP_FAILURE","3",,"CP-CHN-000007-STEP-01","State before create_order in Guindy","Expected valid create_order","Originally completed, then reversed during recovery","COMPENSATED","REVERSE_COMPENSATE_STEP","false","PASSED","RESTORED","2026-10-04T00:46:30.104Z","2026-10-05T04:33:03.104Z"
"REC-CHN-000007-02","WF-CHN-ECOMMERCE_ORDER-000007","ecommerce_order","Chennai","Guindy","CUS-CHN-000007","Rahul Varma","+91-90000-00007","customer000007@example.test","BUS-CHN-0008","OMR SuperStore Online (SYNTHETIC DEMO ENTITY)","AGT-CHN-ECO-01","STEP-02","2","5","inventory_service","reserve_inventory","release_inventory","true","true","false","STEP-01","WF-CHN-ECOMMERCE_ORDER-000007-STEP-02-reserve_inventory","COMPLETED","STEP_FAILURE","3",,"CP-CHN-000007-STEP-02","State before reserve_inventory in Guindy","Expected valid reserve_inventory","Originally completed, then reversed during recovery","COMPENSATED","REVERSE_COMPENSATE_STEP","false","PASSED","RESTORED","2026-10-04T00:46:30.104Z","2026-10-05T04:33:03.104Z"
"REC-CHN-000007-03","WF-CHN-ECOMMERCE_ORDER-000007","ecommerce_order","Chennai","Guindy","CUS-CHN-000007","Rahul Varma","+91-90000-00007","customer000007@example.test","BUS-CHN-0008","OMR SuperStore Online (SYNTHETIC DEMO ENTITY)","AGT-CHN-ECO-01","STEP-03","3","5","payment_service","charge_card","refund_payment","true","true","false","STEP-02","WF-CHN-ECOMMERCE_ORDER-000007-STEP-03-charge_card","FAILED","STEP_FAILURE","3",,"CP-CHN-000007-STEP-03","State before charge_card in Guindy","Expected valid charge_card","Failed at charge_card: STEP_FAILURE","TRIGGERING_RECOVERY","SAGA_REVERSE_COMPENSATION","false","FAILED_AT_STEP","RESTORED","2026-10-04T00:46:30.104Z","2026-10-05T04:33:03.104Z"
"REC-CHN-000007-04","WF-CHN-ECOMMERCE_ORDER-000007","ecommerce_order","Chennai","Guindy","CUS-CHN-000007","Rahul Varma","+91-90000-00007","customer000007@example.test","BUS-CHN-0008","OMR SuperStore Online (SYNTHETIC DEMO ENTITY)","AGT-CHN-ECO-01","STEP-04","4","5","shipment_service","create_shipment","cancel_shipment","true","true","false","STEP-03","WF-CHN-ECOMMERCE_ORDER-000007-STEP-04-create_shipment","SKIPPED_DUE_TO_PREVIOUS_FAILURE","STEP_FAILURE","3",,"CP-CHN-000007-STEP-04","State before create_shipment in Guindy","Expected valid create_shipment","Committed create_shipment","COMPENSATED","SAGA_REVERSE_COMPENSATION","false","PASSED","RESTORED","2026-10-04T00:46:30.104Z","2026-10-05T04:33:03.104Z"
"REC-CHN-000007-05","WF-CHN-ECOMMERCE_ORDER-000007","ecommerce_order","Chennai","Guindy","CUS-CHN-000007","Rahul Varma","+91-90000-00007","customer000007@example.test","BUS-CHN-0008","OMR SuperStore Online (SYNTHETIC DEMO ENTITY)","AGT-CHN-ECO-01","STEP-05","5","5","notification_service","email_customer",,"false","true","true","STEP-04","WF-CHN-ECOMMERCE_ORDER-000007-STEP-05-email_customer","SKIPPED_DUE_TO_PREVIOUS_FAILURE","STEP_FAILURE","3",,"CP-CHN-000007-STEP-05","State before email_customer in Guindy","Expected valid email_customer","Committed email_customer","SKIPPED","SAGA_REVERSE_COMPENSATION","false","PASSED","RESTORED","2026-10-04T00:46:30.104Z","2026-10-05T04:33:03.104Z"
"REC-CHN-000008-01","WF-CHN-EVENT_REGISTRATION-000008","event_registration","Chennai","Nungambakkam","CUS-CHN-000008","Meena Raj","+91-90000-00008","customer000008@example.test","BUS-CHN-0009","Chennai Tech Summit 2026 (SYNTHETIC DEMO ENTITY)","AGT-CHN-EVE-01","STEP-01","1","5","event_service","register_participant","cancel_registration","true","true","false","NONE","WF-CHN-EVENT_REGISTRATION-000008-STEP-01-register_participant","COMPLETED","STEP_FAILURE","4",,"CP-CHN-000008-STEP-01","State before register_participant in Nungambakkam","Expected valid register_participant","Originally completed, then reversed during recovery","COMPENSATED","REVERSE_COMPENSATE_STEP","false","PASSED","RESTORED","2026-10-04T00:46:31.104Z","2026-10-05T04:33:03.104Z"
"REC-CHN-000008-02","WF-CHN-EVENT_REGISTRATION-000008","event_registration","Chennai","Nungambakkam","CUS-CHN-000008","Meena Raj","+91-90000-00008","customer000008@example.test","BUS-CHN-0009","Chennai Tech Summit 2026 (SYNTHETIC DEMO ENTITY)","AGT-CHN-EVE-01","STEP-02","2","5","seating_service","reserve_seat","release_seat","true","true","false","STEP-01","WF-CHN-EVENT_REGISTRATION-000008-STEP-02-reserve_seat","COMPLETED","STEP_FAILURE","4",,"CP-CHN-000008-STEP-02","State before reserve_seat in Nungambakkam","Expected valid reserve_seat","Originally completed, then reversed during recovery","COMPENSATED","REVERSE_COMPENSATE_STEP","false","PASSED","RESTORED","2026-10-04T00:46:31.104Z","2026-10-05T04:33:03.104Z"
"REC-CHN-000008-03","WF-CHN-EVENT_REGISTRATION-000008","event_registration","Chennai","Nungambakkam","CUS-CHN-000008","Meena Raj","+91-90000-00008","customer000008@example.test","BUS-CHN-0009","Chennai Tech Summit 2026 (SYNTHETIC DEMO ENTITY)","AGT-CHN-EVE-01","STEP-03","3","5","payment_gateway","process_payment","refund_payment","true","true","false","STEP-02","WF-CHN-EVENT_REGISTRATION-000008-STEP-03-process_payment","COMPLETED","STEP_FAILURE","4",,"CP-CHN-000008-STEP-03","State before process_payment in Nungambakkam","Expected valid process_payment","Originally completed, then reversed during recovery","COMPENSATED","REVERSE_COMPENSATE_STEP","false","PASSED","RESTORED","2026-10-04T00:46:31.104Z","2026-10-05T04:33:03.104Z"
"REC-CHN-000008-04","WF-CHN-EVENT_REGISTRATION-000008","event_registration","Chennai","Nungambakkam","CUS-CHN-000008","Meena Raj","+91-90000-00008","customer000008@example.test","BUS-CHN-0009","Chennai Tech Summit 2026 (SYNTHETIC DEMO ENTITY)","AGT-CHN-EVE-01","STEP-04","4","5","ticket_generator","generate_ticket","invalidate_ticket","true","true","false","STEP-03","WF-CHN-EVENT_REGISTRATION-000008-STEP-04-generate_ticket","FAILED","STEP_FAILURE","4",,"CP-CHN-000008-STEP-04","State before generate_ticket in Nungambakkam","Expected valid generate_ticket","Failed at generate_ticket: STEP_FAILURE","TRIGGERING_RECOVERY","SAGA_REVERSE_COMPENSATION","false","FAILED_AT_STEP","RESTORED","2026-10-04T00:46:31.104Z","2026-10-05T04:33:03.104Z"
"REC-CHN-000008-05","WF-CHN-EVENT_REGISTRATION-000008","event_registration","Chennai","Nungambakkam","CUS-CHN-000008","Meena Raj","+91-90000-00008","customer000008@example.test","BUS-CHN-0009","Chennai Tech Summit 2026 (SYNTHETIC DEMO ENTITY)","AGT-CHN-EVE-01","STEP-05","5","5","email_dispatcher","email_ticket",,"false","true","true","STEP-04","WF-CHN-EVENT_REGISTRATION-000008-STEP-05-email_ticket","SKIPPED_DUE_TO_PREVIOUS_FAILURE","STEP_FAILURE","4",,"CP-CHN-000008-STEP-05","State before email_ticket in Nungambakkam","Expected valid email_ticket","Committed email_ticket","SKIPPED","SAGA_REVERSE_COMPENSATION","false","PASSED","RESTORED","2026-10-04T00:46:31.104Z","2026-10-05T04:33:03.104Z"
"REC-CHN-000009-01","WF-CHN-DELIVERY-000009","delivery","Chennai","Tambaram","CUS-CHN-000009","Karthik Sundaram","+91-90000-00009","customer000009@example.test","BUS-CHN-0010","OMR QuickShip Courier (SYNTHETIC DEMO ENTITY)","AGT-CHN-DEL-01","STEP-01","1","5","dispatch_engine","create_delivery","cancel_delivery","true","true","false","NONE","WF-CHN-DELIVERY-000009-STEP-01-create_delivery","COMPLETED","TIMEOUT","3",,"CP-CHN-000009-STEP-01","State before create_delivery in Tambaram","Expected valid create_delivery","Originally completed, then reversed during recovery","COMPENSATED","REVERSE_COMPENSATE_STEP","false","PASSED","RESTORED","2026-10-04T00:46:32.104Z","2026-10-05T04:33:03.104Z"
"REC-CHN-000009-02","WF-CHN-DELIVERY-000009","delivery","Chennai","Tambaram","CUS-CHN-000009","Karthik Sundaram","+91-90000-00009","customer000009@example.test","BUS-CHN-0010","OMR QuickShip Courier (SYNTHETIC DEMO ENTITY)","AGT-CHN-DEL-01","STEP-02","2","5","courier_service","assign_driver","unassign_driver","true","true","false","STEP-01","WF-CHN-DELIVERY-000009-STEP-02-assign_driver","COMPLETED","TIMEOUT","3",,"CP-CHN-000009-STEP-02","State before assign_driver in Tambaram","Expected valid assign_driver","Originally completed, then reversed during recovery","COMPENSATED","REVERSE_COMPENSATE_STEP","false","PASSED","RESTORED","2026-10-04T00:46:32.104Z","2026-10-05T04:33:03.104Z"
"REC-CHN-000009-03","WF-CHN-DELIVERY-000009","delivery","Chennai","Tambaram","CUS-CHN-000009","Karthik Sundaram","+91-90000-00009","customer000009@example.test","BUS-CHN-0010","OMR QuickShip Courier (SYNTHETIC DEMO ENTITY)","AGT-CHN-DEL-01","STEP-03","3","5","fleet_service","reserve_vehicle","release_vehicle","true","true","false","STEP-02","WF-CHN-DELIVERY-000009-STEP-03-reserve_vehicle","FAILED","TIMEOUT","3",,"CP-CHN-000009-STEP-03","State before reserve_vehicle in Tambaram","Expected valid reserve_vehicle","Failed at reserve_vehicle: TIMEOUT","TRIGGERING_RECOVERY","SAGA_REVERSE_COMPENSATION","false","FAILED_AT_STEP","RESTORED","2026-10-04T00:46:32.104Z","2026-10-05T04:33:03.104Z"
"REC-CHN-000009-04","WF-CHN-DELIVERY-000009","delivery","Chennai","Tambaram","CUS-CHN-000009","Karthik Sundaram","+91-90000-00009","customer000009@example.test","BUS-CHN-0010","OMR QuickShip Courier (SYNTHETIC DEMO ENTITY)","AGT-CHN-DEL-01","STEP-04","4","5","sorting_service","dispatch_package","recall_dispatch","true","true","false","STEP-03","WF-CHN-DELIVERY-000009-STEP-04-dispatch_package","SKIPPED_DUE_TO_PREVIOUS_FAILURE","TIMEOUT","3",,"CP-CHN-000009-STEP-04","State before dispatch_package in Tambaram","Expected valid dispatch_package","Committed dispatch_package","COMPENSATED","SAGA_REVERSE_COMPENSATION","false","PASSED","RESTORED","2026-10-04T00:46:32.104Z","2026-10-05T04:33:03.104Z"
"REC-CHN-000009-05","WF-CHN-DELIVERY-000009","delivery","Chennai","Tambaram","CUS-CHN-000009","Karthik Sundaram","+91-90000-00009","customer000009@example.test","BUS-CHN-0010","OMR QuickShip Courier (SYNTHETIC DEMO ENTITY)","AGT-CHN-DEL-01","STEP-05","5","5","alert_service","notify_customer",,"false","true","true","STEP-04","WF-CHN-DELIVERY-000009-STEP-05-notify_customer","SKIPPED_DUE_TO_PREVIOUS_FAILURE","TIMEOUT","3",,"CP-CHN-000009-STEP-05","State before notify_customer in Tambaram","Expected valid notify_customer","Committed notify_customer","SKIPPED","SAGA_REVERSE_COMPENSATION","false","PASSED","RESTORED","2026-10-04T00:46:32.104Z","2026-10-05T04:33:03.104Z"
"REC-CHN-000010-01","WF-CHN-APPOINTMENT_BOOKING-000010","appointment_booking","Chennai","Besant Nagar","CUS-CHN-000010","Ananya Balaji","+91-90000-00010","customer000010@example.test","BUS-CHN-0011","OMR Wellness Centre (SYNTHETIC DEMO ENTITY)","AGT-CHN-APP-01","STEP-01","1","5","clinic_calendar","find_slot",,"false","true","false","NONE","WF-CHN-APPOINTMENT_BOOKING-000010-STEP-01-find_slot","COMPLETED","TIMEOUT","3",,"CP-CHN-000010-STEP-01","State before find_slot in Besant Nagar","Expected valid find_slot","Originally completed, then reversed during recovery","NOT_APPLICABLE","REVERSE_COMPENSATE_STEP","false","PASSED","RESTORED","2026-10-04T00:46:33.104Z","2026-10-05T04:33:03.104Z"
"REC-CHN-000010-02","WF-CHN-APPOINTMENT_BOOKING-000010","appointment_booking","Chennai","Besant Nagar","CUS-CHN-000010","Ananya Balaji","+91-90000-00010","customer000010@example.test","BUS-CHN-0011","OMR Wellness Centre (SYNTHETIC DEMO ENTITY)","AGT-CHN-APP-01","STEP-02","2","5","slot_manager","reserve_slot","release_slot","true","true","false","STEP-01","WF-CHN-APPOINTMENT_BOOKING-000010-STEP-02-reserve_slot","COMPLETED","TIMEOUT","3",,"CP-CHN-000010-STEP-02","State before reserve_slot in Besant Nagar","Expected valid reserve_slot","Originally completed, then reversed during recovery","COMPENSATED","REVERSE_COMPENSATE_STEP","false","PASSED","RESTORED","2026-10-04T00:46:33.104Z","2026-10-05T04:33:03.104Z"
"REC-CHN-000010-03","WF-CHN-APPOINTMENT_BOOKING-000010","appointment_booking","Chennai","Besant Nagar","CUS-CHN-000010","Ananya Balaji","+91-90000-00010","customer000010@example.test","BUS-CHN-0011","OMR Wellness Centre (SYNTHETIC DEMO ENTITY)","AGT-CHN-APP-01","STEP-03","3","5","billing_service","process_payment","refund_payment","true","true","false","STEP-02","WF-CHN-APPOINTMENT_BOOKING-000010-STEP-03-process_payment","FAILED","TIMEOUT","3",,"CP-CHN-000010-STEP-03","State before process_payment in Besant Nagar","Expected valid process_payment","Failed at process_payment: TIMEOUT","TRIGGERING_RECOVERY","SAGA_REVERSE_COMPENSATION","false","FAILED_AT_STEP","RESTORED","2026-10-04T00:46:33.104Z","2026-10-05T04:33:03.104Z"
"REC-CHN-000010-04","WF-CHN-APPOINTMENT_BOOKING-000010","appointment_booking","Chennai","Besant Nagar","CUS-CHN-000010","Ananya Balaji","+91-90000-00010","customer000010@example.test","BUS-CHN-0011","OMR Wellness Centre (SYNTHETIC DEMO ENTITY)","AGT-CHN-APP-01","STEP-04","4","5","emr_service","create_appointment","cancel_appointment","true","true","false","STEP-03","WF-CHN-APPOINTMENT_BOOKING-000010-STEP-04-create_appointment","SKIPPED_DUE_TO_PREVIOUS_FAILURE","TIMEOUT","3",,"CP-CHN-000010-STEP-04","State before create_appointment in Besant Nagar","Expected valid create_appointment","Committed create_appointment","COMPENSATED","SAGA_REVERSE_COMPENSATION","false","PASSED","RESTORED","2026-10-04T00:46:33.104Z","2026-10-05T04:33:03.104Z"
"REC-CHN-000010-05","WF-CHN-APPOINTMENT_BOOKING-000010","appointment_booking","Chennai","Besant Nagar","CUS-CHN-000010","Ananya Balaji","+91-90000-00010","customer000010@example.test","BUS-CHN-0011","OMR Wellness Centre (SYNTHETIC DEMO ENTITY)","AGT-CHN-APP-01","STEP-05","5","5","sms_service","send_confirmation",,"false","true","true","STEP-04","WF-CHN-APPOINTMENT_BOOKING-000010-STEP-05-send_confirmation","SKIPPED_DUE_TO_PREVIOUS_FAILURE","TIMEOUT","3",,"CP-CHN-000010-STEP-05","State before send_confirmation in Besant Nagar","Expected valid send_confirmation","Committed send_confirmation","SKIPPED","SAGA_REVERSE_COMPENSATION","false","PASSED","RESTORED","2026-10-04T00:46:33.104Z","2026-10-05T04:33:03.104Z"
"REC-CHN-000011-01","WF-CHN-HOTEL_BOOKING-000011","hotel_booking","Chennai","Sholinganallur","CUS-CHN-000011","Vignesh Natarajan","+91-90000-00011","customer000011@example.test","BUS-CHN-0012","Adyar Residency (SYNTHETIC DEMO ENTITY)","AGT-CHN-HOT-01","STEP-01","1","5","hotel_search","search_hotel",,"false","true","false","NONE","WF-CHN-HOTEL_BOOKING-000011-STEP-01-search_hotel","COMPLETED","DUPLICATE_REQUEST",,,"CP-CHN-000011-STEP-01","State before search_hotel in Sholinganallur","Expected valid search_hotel","Committed search_hotel","NONE","FORWARD_EXECUTION","false","PASSED","COMMITTED","2026-10-04T00:46:34.104Z","2026-10-05T04:33:03.104Z"
"REC-CHN-000011-02","WF-CHN-HOTEL_BOOKING-000011","hotel_booking","Chennai","Sholinganallur","CUS-CHN-000011","Vignesh Natarajan","+91-90000-00011","customer000011@example.test","BUS-CHN-0012","Adyar Residency (SYNTHETIC DEMO ENTITY)","AGT-CHN-HOT-01","STEP-02","2","5","room_selection","select_room",,"false","true","false","STEP-01","WF-CHN-HOTEL_BOOKING-000011-STEP-02-select_room","COMPLETED","DUPLICATE_REQUEST",,,"CP-CHN-000011-STEP-02","State before select_room in Sholinganallur","Expected valid select_room","Duplicate request detected via idempotency key: WF-CHN-HOTEL_BOOKING-000011-STEP-02-select_room. Returned cached response with 0 side effects.","NONE","IDEMPOTENCY_GUARD_PREVENT_DUPLICATE","false","PASSED","RESTORED_OR_COMMITTED","2026-10-04T00:46:34.104Z","2026-10-05T04:33:03.104Z"
"REC-CHN-000011-03","WF-CHN-HOTEL_BOOKING-000011","hotel_booking","Chennai","Sholinganallur","CUS-CHN-000011","Vignesh Natarajan","+91-90000-00011","customer000011@example.test","BUS-CHN-0012","Adyar Residency (SYNTHETIC DEMO ENTITY)","AGT-CHN-HOT-01","STEP-03","3","5","room_booking","book_room","cancel_booking","true","true","false","STEP-02","WF-CHN-HOTEL_BOOKING-000011-STEP-03-book_room","COMPLETED","DUPLICATE_REQUEST",,,"CP-CHN-000011-STEP-03","State before book_room in Sholinganallur","Expected valid book_room","Committed book_room","NONE","FORWARD_EXECUTION","false","PASSED","COMMITTED","2026-10-04T00:46:34.104Z","2026-10-05T04:33:03.104Z"
"REC-CHN-000011-04","WF-CHN-HOTEL_BOOKING-000011","hotel_booking","Chennai","Sholinganallur","CUS-CHN-000011","Vignesh Natarajan","+91-90000-00011","customer000011@example.test","BUS-CHN-0012","Adyar Residency (SYNTHETIC DEMO ENTITY)","AGT-CHN-HOT-01","STEP-04","4","5","payment_processor","charge_card","refund_payment","true","true","false","STEP-03","WF-CHN-HOTEL_BOOKING-000011-STEP-04-charge_card","COMPLETED","DUPLICATE_REQUEST",,,"CP-CHN-000011-STEP-04","State before charge_card in Sholinganallur","Expected valid charge_card","Committed charge_card","NONE","FORWARD_EXECUTION","false","PASSED","COMMITTED","2026-10-04T00:46:34.104Z","2026-10-05T04:33:03.104Z"
"REC-CHN-000011-05","WF-CHN-HOTEL_BOOKING-000011","hotel_booking","Chennai","Sholinganallur","CUS-CHN-000011","Vignesh Natarajan","+91-90000-00011","customer000011@example.test","BUS-CHN-0012","Adyar Residency (SYNTHETIC DEMO ENTITY)","AGT-CHN-HOT-01","STEP-05","5","5","email_service","email_customer",,"false","true","true","STEP-04","WF-CHN-HOTEL_BOOKING-000011-STEP-05-email_customer","COMPLETED","DUPLICATE_REQUEST",,,"CP-CHN-000011-STEP-05","State before email_customer in Sholinganallur","Expected valid email_customer","Committed email_customer","NONE","FORWARD_EXECUTION","false","PASSED","COMMITTED","2026-10-04T00:46:34.104Z","2026-10-05T04:33:03.104Z"
"REC-CHN-000012-01","WF-CHN-ECOMMERCE_ORDER-000012","ecommerce_order","Chennai","Perungudi","CUS-CHN-000012","Deepa Venkat","+91-90000-00012","customer000012@example.test","BUS-CHN-0013","OMR SuperStore Online (SYNTHETIC DEMO ENTITY)","AGT-CHN-ECO-01","STEP-01","1","5","order_service","create_order","cancel_order","true","true","false","NONE","WF-CHN-ECOMMERCE_ORDER-000012-STEP-01-create_order","COMPLETED","DUPLICATE_REQUEST",,,"CP-CHN-000012-STEP-01","State before create_order in Perungudi","Expected valid create_order","Committed create_order","NONE","FORWARD_EXECUTION","false","PASSED","COMMITTED","2026-10-04T00:46:35.104Z","2026-10-05T04:33:03.104Z"
"REC-CHN-000012-02","WF-CHN-ECOMMERCE_ORDER-000012","ecommerce_order","Chennai","Perungudi","CUS-CHN-000012","Deepa Venkat","+91-90000-00012","customer000012@example.test","BUS-CHN-0013","OMR SuperStore Online (SYNTHETIC DEMO ENTITY)","AGT-CHN-ECO-01","STEP-02","2","5","inventory_service","reserve_inventory","release_inventory","true","true","false","STEP-01","WF-CHN-ECOMMERCE_ORDER-000012-STEP-02-reserve_inventory","COMPLETED","DUPLICATE_REQUEST",,,"CP-CHN-000012-STEP-02","State before reserve_inventory in Perungudi","Expected valid reserve_inventory","Duplicate request detected via idempotency key: WF-CHN-ECOMMERCE_ORDER-000012-STEP-02-reserve_inventory. Returned cached response with 0 side effects.","NONE","IDEMPOTENCY_GUARD_PREVENT_DUPLICATE","false","PASSED","RESTORED_OR_COMMITTED","2026-10-04T00:46:35.104Z","2026-10-05T04:33:03.104Z"
"REC-CHN-000012-03","WF-CHN-ECOMMERCE_ORDER-000012","ecommerce_order","Chennai","Perungudi","CUS-CHN-000012","Deepa Venkat","+91-90000-00012","customer000012@example.test","BUS-CHN-0013","OMR SuperStore Online (SYNTHETIC DEMO ENTITY)","AGT-CHN-ECO-01","STEP-03","3","5","payment_service","charge_card","refund_payment","true","true","false","STEP-02","WF-CHN-ECOMMERCE_ORDER-000012-STEP-03-charge_card","COMPLETED","DUPLICATE_REQUEST",,,"CP-CHN-000012-STEP-03","State before charge_card in Perungudi","Expected valid charge_card","Committed charge_card","NONE","FORWARD_EXECUTION","false","PASSED","COMMITTED","2026-10-04T00:46:35.104Z","2026-10-05T04:33:03.104Z"
"REC-CHN-000012-04","WF-CHN-ECOMMERCE_ORDER-000012","ecommerce_order","Chennai","Perungudi","CUS-CHN-000012","Deepa Venkat","+91-90000-00012","customer000012@example.test","BUS-CHN-0013","OMR SuperStore Online (SYNTHETIC DEMO ENTITY)","AGT-CHN-ECO-01","STEP-04","4","5","shipment_service","create_shipment","cancel_shipment","true","true","false","STEP-03","WF-CHN-ECOMMERCE_ORDER-000012-STEP-04-create_shipment","COMPLETED","DUPLICATE_REQUEST",,,"CP-CHN-000012-STEP-04","State before create_shipment in Perungudi","Expected valid create_shipment","Committed create_shipment","NONE","FORWARD_EXECUTION","false","PASSED","COMMITTED","2026-10-04T00:46:35.104Z","2026-10-05T04:33:03.104Z"
"REC-CHN-000012-05","WF-CHN-ECOMMERCE_ORDER-000012","ecommerce_order","Chennai","Perungudi","CUS-CHN-000012","Deepa Venkat","+91-90000-00012","customer000012@example.test","BUS-CHN-0013","OMR SuperStore Online (SYNTHETIC DEMO ENTITY)","AGT-CHN-ECO-01","STEP-05","5","5","notification_service","email_customer",,"false","true","true","STEP-04","WF-CHN-ECOMMERCE_ORDER-000012-STEP-05-email_customer","COMPLETED","DUPLICATE_REQUEST",,,"CP-CHN-000012-STEP-05","State before email_customer in Perungudi","Expected valid email_customer","Committed email_customer","NONE","FORWARD_EXECUTION","false","PASSED","COMMITTED","2026-10-04T00:46:35.104Z","2026-10-05T04:33:03.104Z"
"REC-CHN-000013-01","WF-CHN-CAB_BOOKING-000013","cab_booking","Chennai","Koyambedu","CUS-CHN-000013","Suresh Ranganathan","+91-90000-00013","customer000013@example.test","BUS-CHN-0014","Coromandel Cabs (SYNTHETIC DEMO ENTITY)","AGT-CHN-CAB-01","STEP-01","1","5","ride_dispatcher","request_ride",,"false","true","false","NONE","WF-CHN-CAB_BOOKING-000013-STEP-01-request_ride","COMPLETED","UNKNOWN_STATE","3",,"CP-CHN-000013-STEP-01","State before request_ride in Koyambedu","Expected valid request_ride","Committed request_ride","NONE","FORWARD_EXECUTION","false","PASSED","COMMITTED","2026-10-04T00:46:36.104Z","2026-10-05T04:33:03.104Z"
"REC-CHN-000013-02","WF-CHN-CAB_BOOKING-000013","cab_booking","Chennai","Koyambedu","CUS-CHN-000013","Suresh Ranganathan","+91-90000-00013","customer000013@example.test","BUS-CHN-0014","Coromandel Cabs (SYNTHETIC DEMO ENTITY)","AGT-CHN-CAB-01","STEP-02","2","5","driver_assignment","assign_driver","release_driver","true","true","false","STEP-01","WF-CHN-CAB_BOOKING-000013-STEP-02-assign_driver","COMPLETED","UNKNOWN_STATE","3",,"CP-CHN-000013-STEP-02","State before assign_driver in Koyambedu","Expected valid assign_driver","Committed assign_driver","NONE","FORWARD_EXECUTION","false","PASSED","COMMITTED","2026-10-04T00:46:36.104Z","2026-10-05T04:33:03.104Z"
"REC-CHN-000013-03","WF-CHN-CAB_BOOKING-000013","cab_booking","Chennai","Koyambedu","CUS-CHN-000013","Suresh Ranganathan","+91-90000-00013","customer000013@example.test","BUS-CHN-0014","Coromandel Cabs (SYNTHETIC DEMO ENTITY)","AGT-CHN-CAB-01","STEP-03","3","5","trip_service","confirm_ride","cancel_ride","true","true","false","STEP-02","WF-CHN-CAB_BOOKING-000013-STEP-03-confirm_ride","FAILED","UNKNOWN_STATE","3",,"CP-CHN-000013-STEP-03","State before confirm_ride in Koyambedu","Expected valid confirm_ride","Committed confirm_ride","NONE","QUERY_AUTHORITATIVE_MOCK_WORLD_THEN_COMPENSATE","false","PASSED","RESTORED","2026-10-04T00:46:36.104Z","2026-10-05T04:33:03.104Z"
"REC-CHN-000013-04","WF-CHN-CAB_BOOKING-000013","cab_booking","Chennai","Koyambedu","CUS-CHN-000013","Suresh Ranganathan","+91-90000-00013","customer000013@example.test","BUS-CHN-0014","Coromandel Cabs (SYNTHETIC DEMO ENTITY)","AGT-CHN-CAB-01","STEP-04","4","5","fare_service","charge_payment","refund_payment","true","true","false","STEP-03","WF-CHN-CAB_BOOKING-000013-STEP-04-charge_payment","SKIPPED_DUE_TO_PREVIOUS_FAILURE","UNKNOWN_STATE","3",,"CP-CHN-000013-STEP-04","State before charge_payment in Koyambedu","Expected valid charge_payment","Committed charge_payment","COMPENSATED","SAGA_REVERSE_COMPENSATION","false","PASSED","RESTORED","2026-10-04T00:46:36.104Z","2026-10-05T04:33:03.104Z"
"REC-CHN-000013-05","WF-CHN-CAB_BOOKING-000013","cab_booking","Chennai","Koyambedu","CUS-CHN-000013","Suresh Ranganathan","+91-90000-00013","customer000013@example.test","BUS-CHN-0014","Coromandel Cabs (SYNTHETIC DEMO ENTITY)","AGT-CHN-CAB-01","STEP-05","5","5","comm_service","send_confirmation",,"false","true","true","STEP-04","WF-CHN-CAB_BOOKING-000013-STEP-05-send_confirmation","SKIPPED_DUE_TO_PREVIOUS_FAILURE","UNKNOWN_STATE","3",,"CP-CHN-000013-STEP-05","State before send_confirmation in Koyambedu","Expected valid send_confirmation","Committed send_confirmation","SKIPPED","SAGA_REVERSE_COMPENSATION","false","PASSED","RESTORED","2026-10-04T00:46:36.104Z","2026-10-05T04:33:03.104Z"
"REC-CHN-000014-01","WF-CHN-APPOINTMENT_BOOKING-000014","appointment_booking","Chennai","Kilpauk","CUS-CHN-000014","Lavanya Sridhar","+91-90000-00014","customer000014@example.test","BUS-CHN-0015","OMR Wellness Centre (SYNTHETIC DEMO ENTITY)","AGT-CHN-APP-01","STEP-01","1","5","clinic_calendar","find_slot",,"false","true","false","NONE","WF-CHN-APPOINTMENT_BOOKING-000014-STEP-01-find_slot","COMPLETED","UNKNOWN_STATE","2",,"CP-CHN-000014-STEP-01","State before find_slot in Kilpauk","Expected valid find_slot","Committed find_slot","NONE","FORWARD_EXECUTION","false","PASSED","COMMITTED","2026-10-04T00:46:37.104Z","2026-10-05T04:33:03.104Z"
"REC-CHN-000014-02","WF-CHN-APPOINTMENT_BOOKING-000014","appointment_booking","Chennai","Kilpauk","CUS-CHN-000014","Lavanya Sridhar","+91-90000-00014","customer000014@example.test","BUS-CHN-0015","OMR Wellness Centre (SYNTHETIC DEMO ENTITY)","AGT-CHN-APP-01","STEP-02","2","5","slot_manager","reserve_slot","release_slot","true","true","false","STEP-01","WF-CHN-APPOINTMENT_BOOKING-000014-STEP-02-reserve_slot","FAILED","UNKNOWN_STATE","2",,"CP-CHN-000014-STEP-02","State before reserve_slot in Kilpauk","Expected valid reserve_slot","Committed reserve_slot","NONE","QUERY_AUTHORITATIVE_MOCK_WORLD_THEN_COMPENSATE","false","PASSED","RESTORED","2026-10-04T00:46:37.104Z","2026-10-05T04:33:03.104Z"
"REC-CHN-000014-03","WF-CHN-APPOINTMENT_BOOKING-000014","appointment_booking","Chennai","Kilpauk","CUS-CHN-000014","Lavanya Sridhar","+91-90000-00014","customer000014@example.test","BUS-CHN-0015","OMR Wellness Centre (SYNTHETIC DEMO ENTITY)","AGT-CHN-APP-01","STEP-03","3","5","billing_service","process_payment","refund_payment","true","true","false","STEP-02","WF-CHN-APPOINTMENT_BOOKING-000014-STEP-03-process_payment","SKIPPED_DUE_TO_PREVIOUS_FAILURE","UNKNOWN_STATE","2",,"CP-CHN-000014-STEP-03","State before process_payment in Kilpauk","Expected valid process_payment","Committed process_payment","COMPENSATED","SAGA_REVERSE_COMPENSATION","false","PASSED","RESTORED","2026-10-04T00:46:37.104Z","2026-10-05T04:33:03.104Z"
"REC-CHN-000014-04","WF-CHN-APPOINTMENT_BOOKING-000014","appointment_booking","Chennai","Kilpauk","CUS-CHN-000014","Lavanya Sridhar","+91-90000-00014","customer000014@example.test","BUS-CHN-0015","OMR Wellness Centre (SYNTHETIC DEMO ENTITY)","AGT-CHN-APP-01","STEP-04","4","5","emr_service","create_appointment","cancel_appointment","true","true","false","STEP-03","WF-CHN-APPOINTMENT_BOOKING-000014-STEP-04-create_appointment","SKIPPED_DUE_TO_PREVIOUS_FAILURE","UNKNOWN_STATE","2",,"CP-CHN-000014-STEP-04","State before create_appointment in Kilpauk","Expected valid create_appointment","Committed create_appointment","COMPENSATED","SAGA_REVERSE_COMPENSATION","false","PASSED","RESTORED","2026-10-04T00:46:37.104Z","2026-10-05T04:33:03.104Z"
"REC-CHN-000014-05","WF-CHN-APPOINTMENT_BOOKING-000014","appointment_booking","Chennai","Kilpauk","CUS-CHN-000014","Lavanya Sridhar","+91-90000-00014","customer000014@example.test","BUS-CHN-0015","OMR Wellness Centre (SYNTHETIC DEMO ENTITY)","AGT-CHN-APP-01","STEP-05","5","5","sms_service","send_confirmation",,"false","true","true","STEP-04","WF-CHN-APPOINTMENT_BOOKING-000014-STEP-05-send_confirmation","SKIPPED_DUE_TO_PREVIOUS_FAILURE","UNKNOWN_STATE","2",,"CP-CHN-000014-STEP-05","State before send_confirmation in Kilpauk","Expected valid send_confirmation","Committed send_confirmation","SKIPPED","SAGA_REVERSE_COMPENSATION","false","PASSED","RESTORED","2026-10-04T00:46:37.104Z","2026-10-05T04:33:03.104Z"
"REC-CHN-000015-01","WF-CHN-HOTEL_BOOKING-000015","hotel_booking","Chennai","Thiruvanmiyur","CUS-CHN-000015","Gautham Chandrasekar","+91-90000-00015","customer000015@example.test","BUS-CHN-0016","Guindy Tech Park Hotel (SYNTHETIC DEMO ENTITY)","AGT-CHN-HOT-01","STEP-01","1","5","hotel_search","search_hotel",,"false","true","false","NONE","WF-CHN-HOTEL_BOOKING-000015-STEP-01-search_hotel","COMPLETED","CRASH",,"2","CP-CHN-000015-STEP-01","State before search_hotel in Thiruvanmiyur","Expected valid search_hotel","Committed search_hotel","NONE","FORWARD_EXECUTION","false","PASSED","COMMITTED","2026-10-04T00:46:38.104Z","2026-10-05T04:33:03.104Z"
"REC-CHN-000015-02","WF-CHN-HOTEL_BOOKING-000015","hotel_booking","Chennai","Thiruvanmiyur","CUS-CHN-000015","Gautham Chandrasekar","+91-90000-00015","customer000015@example.test","BUS-CHN-0016","Guindy Tech Park Hotel (SYNTHETIC DEMO ENTITY)","AGT-CHN-HOT-01","STEP-02","2","5","room_selection","select_room",,"false","true","false","STEP-01","WF-CHN-HOTEL_BOOKING-000015-STEP-02-select_room","COMPLETED","CRASH",,"2","CP-CHN-000015-STEP-02","State before select_room in Thiruvanmiyur","Expected valid select_room","Committed select_room","CHECKPOINTED","RESUME_FROM_DURABLE_LOG","false","PASSED","DURABLE_CHECKPOINT_SAVED","2026-10-04T00:46:38.104Z","2026-10-05T04:33:03.104Z"
"REC-CHN-000015-03","WF-CHN-HOTEL_BOOKING-000015","hotel_booking","Chennai","Thiruvanmiyur","CUS-CHN-000015","Gautham Chandrasekar","+91-90000-00015","customer000015@example.test","BUS-CHN-0016","Guindy Tech Park Hotel (SYNTHETIC DEMO ENTITY)","AGT-CHN-HOT-01","STEP-03","3","5","room_booking","book_room","cancel_booking","true","true","false","STEP-02","WF-CHN-HOTEL_BOOKING-000015-STEP-03-book_room","SKIPPED_DUE_TO_CRASH","CRASH",,"2","CP-CHN-000015-STEP-03","State before book_room in Thiruvanmiyur","Expected valid book_room","Committed book_room","NONE","RESUME_OR_ROLLBACK_AFTER_CRASH","false","PASSED","PRESERVED_AT_CHECKPOINT","2026-10-04T00:46:38.104Z","2026-10-05T04:33:03.104Z"
"REC-CHN-000015-04","WF-CHN-HOTEL_BOOKING-000015","hotel_booking","Chennai","Thiruvanmiyur","CUS-CHN-000015","Gautham Chandrasekar","+91-90000-00015","customer000015@example.test","BUS-CHN-0016","Guindy Tech Park Hotel (SYNTHETIC DEMO ENTITY)","AGT-CHN-HOT-01","STEP-04","4","5","payment_processor","charge_card","refund_payment","true","true","false","STEP-03","WF-CHN-HOTEL_BOOKING-000015-STEP-04-charge_card","SKIPPED_DUE_TO_CRASH","CRASH",,"2","CP-CHN-000015-STEP-04","State before charge_card in Thiruvanmiyur","Expected valid charge_card","Committed charge_card","NONE","RESUME_OR_ROLLBACK_AFTER_CRASH","false","PASSED","PRESERVED_AT_CHECKPOINT","2026-10-04T00:46:38.104Z","2026-10-05T04:33:03.104Z"
"REC-CHN-000015-05","WF-CHN-HOTEL_BOOKING-000015","hotel_booking","Chennai","Thiruvanmiyur","CUS-CHN-000015","Gautham Chandrasekar","+91-90000-00015","customer000015@example.test","BUS-CHN-0016","Guindy Tech Park Hotel (SYNTHETIC DEMO ENTITY)","AGT-CHN-HOT-01","STEP-05","5","5","email_service","email_customer",,"false","true","true","STEP-04","WF-CHN-HOTEL_BOOKING-000015-STEP-05-email_customer","SKIPPED_DUE_TO_CRASH","CRASH",,"2","CP-CHN-000015-STEP-05","State before email_customer in Thiruvanmiyur","Expected valid email_customer","Committed email_customer","NONE","RESUME_OR_ROLLBACK_AFTER_CRASH","false","PASSED","PRESERVED_AT_CHECKPOINT","2026-10-04T00:46:38.104Z","2026-10-05T04:33:03.104Z"
"REC-CHN-000016-01","WF-CHN-CUSTOMER_SUPPORT-000016","customer_support","Chennai","Egmore","CUS-CHN-000016","Swetha Subramanian","+91-90000-00016","customer000016@example.test","BUS-CHN-0017","Namma Network Care (SYNTHETIC DEMO ENTITY)","AGT-CHN-CUS-01","STEP-01","1","5","crm_service","create_ticket","close_ticket","true","true","false","NONE","WF-CHN-CUSTOMER_SUPPORT-000016-STEP-01-create_ticket","COMPLETED","CRASH",,"3","CP-CHN-000016-STEP-01","State before create_ticket in Egmore","Expected valid create_ticket","Committed create_ticket","NONE","FORWARD_EXECUTION","false","PASSED","COMMITTED","2026-10-04T00:46:39.104Z","2026-10-05T04:33:03.104Z"
"REC-CHN-000016-02","WF-CHN-CUSTOMER_SUPPORT-000016","customer_support","Chennai","Egmore","CUS-CHN-000016","Swetha Subramanian","+91-90000-00016","customer000016@example.test","BUS-CHN-0017","Namma Network Care (SYNTHETIC DEMO ENTITY)","AGT-CHN-CUS-01","STEP-02","2","5","routing_service","assign_agent","unassign_agent","true","true","false","STEP-01","WF-CHN-CUSTOMER_SUPPORT-000016-STEP-02-assign_agent","COMPLETED","CRASH",,"3","CP-CHN-000016-STEP-02","State before assign_agent in Egmore","Expected valid assign_agent","Committed assign_agent","NONE","FORWARD_EXECUTION","false","PASSED","COMMITTED","2026-10-04T00:46:39.104Z","2026-10-05T04:33:03.104Z"
"REC-CHN-000016-03","WF-CHN-CUSTOMER_SUPPORT-000016","customer_support","Chennai","Egmore","CUS-CHN-000016","Swetha Subramanian","+91-90000-00016","customer000016@example.test","BUS-CHN-0017","Namma Network Care (SYNTHETIC DEMO ENTITY)","AGT-CHN-CUS-01","STEP-03","3","5","customer_record_service","update_customer_record","restore_customer_record","true","true","false","STEP-02","WF-CHN-CUSTOMER_SUPPORT-000016-STEP-03-update_customer_record","COMPLETED","CRASH",,"3","CP-CHN-000016-STEP-03","State before update_customer_record in Egmore","Expected valid update_customer_record","Committed update_customer_record","CHECKPOINTED","RESUME_FROM_DURABLE_LOG","false","PASSED","DURABLE_CHECKPOINT_SAVED","2026-10-04T00:46:39.104Z","2026-10-05T04:33:03.104Z"
"REC-CHN-000016-04","WF-CHN-CUSTOMER_SUPPORT-000016","customer_support","Chennai","Egmore","CUS-CHN-000016","Swetha Subramanian","+91-90000-00016","customer000016@example.test","BUS-CHN-0017","Namma Network Care (SYNTHETIC DEMO ENTITY)","AGT-CHN-CUS-01","STEP-04","4","5","resolution_service","create_resolution","revert_resolution","true","true","false","STEP-03","WF-CHN-CUSTOMER_SUPPORT-000016-STEP-04-create_resolution","SKIPPED_DUE_TO_CRASH","CRASH",,"3","CP-CHN-000016-STEP-04","State before create_resolution in Egmore","Expected valid create_resolution","Committed create_resolution","NONE","RESUME_OR_ROLLBACK_AFTER_CRASH","false","PASSED","PRESERVED_AT_CHECKPOINT","2026-10-04T00:46:39.104Z","2026-10-05T04:33:03.104Z"
"REC-CHN-000016-05","WF-CHN-CUSTOMER_SUPPORT-000016","customer_support","Chennai","Egmore","CUS-CHN-000016","Swetha Subramanian","+91-90000-00016","customer000016@example.test","BUS-CHN-0017","Namma Network Care (SYNTHETIC DEMO ENTITY)","AGT-CHN-CUS-01","STEP-05","5","5","notification_service","email_customer",,"false","true","true","STEP-04","WF-CHN-CUSTOMER_SUPPORT-000016-STEP-05-email_customer","SKIPPED_DUE_TO_CRASH","CRASH",,"3","CP-CHN-000016-STEP-05","State before email_customer in Egmore","Expected valid email_customer","Committed email_customer","NONE","RESUME_OR_ROLLBACK_AFTER_CRASH","false","PASSED","PRESERVED_AT_CHECKPOINT","2026-10-04T00:46:39.104Z","2026-10-05T04:33:03.104Z"
"REC-CHN-000017-01","WF-CHN-HOTEL_BOOKING-000017","hotel_booking","Chennai","Royapettah","CUS-CHN-000017","Manoj Parthasarathy","+91-90000-00017","customer000017@example.test","BUS-CHN-0018","Marina Comfort Suites (SYNTHETIC DEMO ENTITY)","AGT-CHN-HOT-01","STEP-01","1","5","hotel_search","search_hotel",,"false","true","false","NONE","WF-CHN-HOTEL_BOOKING-000017-STEP-01-search_hotel","COMPLETED","COMPENSATION_FAILURE",,,"CP-CHN-000017-STEP-01","State before search_hotel in Royapettah","Expected valid search_hotel","Committed search_hotel","NONE","FORWARD_EXECUTION","false","PASSED","COMMITTED","2026-10-04T00:46:40.104Z","2026-10-05T04:33:03.104Z"
"REC-CHN-000017-02","WF-CHN-HOTEL_BOOKING-000017","hotel_booking","Chennai","Royapettah","CUS-CHN-000017","Manoj Parthasarathy","+91-90000-00017","customer000017@example.test","BUS-CHN-0018","Marina Comfort Suites (SYNTHETIC DEMO ENTITY)","AGT-CHN-HOT-01","STEP-02","2","5","room_selection","select_room",,"false","true","false","STEP-01","WF-CHN-HOTEL_BOOKING-000017-STEP-02-select_room","COMPLETED","COMPENSATION_FAILURE",,,"CP-CHN-000017-STEP-02","State before select_room in Royapettah","Expected valid select_room","Committed select_room","NONE","FORWARD_EXECUTION","false","PASSED","COMMITTED","2026-10-04T00:46:40.104Z","2026-10-05T04:33:03.104Z"
"REC-CHN-000017-03","WF-CHN-HOTEL_BOOKING-000017","hotel_booking","Chennai","Royapettah","CUS-CHN-000017","Manoj Parthasarathy","+91-90000-00017","customer000017@example.test","BUS-CHN-0018","Marina Comfort Suites (SYNTHETIC DEMO ENTITY)","AGT-CHN-HOT-01","STEP-03","3","5","room_booking","book_room","cancel_booking","true","true","false","STEP-02","WF-CHN-HOTEL_BOOKING-000017-STEP-03-book_room","FAILED","COMPENSATION_FAILURE",,,"CP-CHN-000017-STEP-03","State before book_room in Royapettah","Expected valid book_room","Committed book_room","NONE","FORWARD_EXECUTION","false","PASSED","COMMITTED","2026-10-04T00:46:40.104Z","2026-10-05T04:33:03.104Z"
"REC-CHN-000017-04","WF-CHN-HOTEL_BOOKING-000017","hotel_booking","Chennai","Royapettah","CUS-CHN-000017","Manoj Parthasarathy","+91-90000-00017","customer000017@example.test","BUS-CHN-0018","Marina Comfort Suites (SYNTHETIC DEMO ENTITY)","AGT-CHN-HOT-01","STEP-04","4","5","payment_processor","charge_card","refund_payment","true","true","false","STEP-03","WF-CHN-HOTEL_BOOKING-000017-STEP-04-charge_card","SKIPPED_DUE_TO_PREVIOUS_FAILURE","COMPENSATION_FAILURE",,,"CP-CHN-000017-STEP-04","State before charge_card in Royapettah","Expected valid charge_card","Committed charge_card","COMPENSATED","SAGA_REVERSE_COMPENSATION","false","PASSED","RESTORED","2026-10-04T00:46:40.104Z","2026-10-05T04:33:03.104Z"
"REC-CHN-000017-05","WF-CHN-HOTEL_BOOKING-000017","hotel_booking","Chennai","Royapettah","CUS-CHN-000017","Manoj Parthasarathy","+91-90000-00017","customer000017@example.test","BUS-CHN-0018","Marina Comfort Suites (SYNTHETIC DEMO ENTITY)","AGT-CHN-HOT-01","STEP-05","5","5","email_service","email_customer",,"false","true","true","STEP-04","WF-CHN-HOTEL_BOOKING-000017-STEP-05-email_customer","SKIPPED_DUE_TO_PREVIOUS_FAILURE","COMPENSATION_FAILURE",,,"CP-CHN-000017-STEP-05","State before email_customer in Royapettah","Expected valid email_customer","Committed email_customer","SKIPPED","SAGA_REVERSE_COMPENSATION","false","PASSED","RESTORED","2026-10-04T00:46:40.104Z","2026-10-05T04:33:03.104Z"
"REC-CHN-000018-01","WF-CHN-ECOMMERCE_ORDER-000018","ecommerce_order","Chennai","Porur","CUS-CHN-000018","Harini Raghavan","+91-90000-00018","customer000018@example.test","BUS-CHN-0019","Bay View Electronics Chennai (SYNTHETIC DEMO ENTITY)","AGT-CHN-ECO-01","STEP-01","1","5","order_service","create_order","cancel_order","true","true","false","NONE","WF-CHN-ECOMMERCE_ORDER-000018-STEP-01-create_order","COMPLETED","COMPENSATION_FAILURE",,,"CP-CHN-000018-STEP-01","State before create_order in Porur","Expected valid create_order","Committed create_order","NONE","FORWARD_EXECUTION","false","PASSED","COMMITTED","2026-10-04T00:46:41.104Z","2026-10-05T04:33:03.104Z"
"REC-CHN-000018-02","WF-CHN-ECOMMERCE_ORDER-000018","ecommerce_order","Chennai","Porur","CUS-CHN-000018","Harini Raghavan","+91-90000-00018","customer000018@example.test","BUS-CHN-0019","Bay View Electronics Chennai (SYNTHETIC DEMO ENTITY)","AGT-CHN-ECO-01","STEP-02","2","5","inventory_service","reserve_inventory","release_inventory","true","true","false","STEP-01","WF-CHN-ECOMMERCE_ORDER-000018-STEP-02-reserve_inventory","COMPLETED","COMPENSATION_FAILURE",,,"CP-CHN-000018-STEP-02","State before reserve_inventory in Porur","Expected valid reserve_inventory","Committed reserve_inventory","NONE","FORWARD_EXECUTION","false","PASSED","COMMITTED","2026-10-04T00:46:41.104Z","2026-10-05T04:33:03.104Z"
"REC-CHN-000018-03","WF-CHN-ECOMMERCE_ORDER-000018","ecommerce_order","Chennai","Porur","CUS-CHN-000018","Harini Raghavan","+91-90000-00018","customer000018@example.test","BUS-CHN-0019","Bay View Electronics Chennai (SYNTHETIC DEMO ENTITY)","AGT-CHN-ECO-01","STEP-03","3","5","payment_service","charge_card","refund_payment","true","true","false","STEP-02","WF-CHN-ECOMMERCE_ORDER-000018-STEP-03-charge_card","FAILED","COMPENSATION_FAILURE",,,"CP-CHN-000018-STEP-03","State before charge_card in Porur","Expected valid charge_card","Committed charge_card","NONE","FORWARD_EXECUTION","false","PASSED","COMMITTED","2026-10-04T00:46:41.104Z","2026-10-05T04:33:03.104Z"
"REC-CHN-000018-04","WF-CHN-ECOMMERCE_ORDER-000018","ecommerce_order","Chennai","Porur","CUS-CHN-000018","Harini Raghavan","+91-90000-00018","customer000018@example.test","BUS-CHN-0019","Bay View Electronics Chennai (SYNTHETIC DEMO ENTITY)","AGT-CHN-ECO-01","STEP-04","4","5","shipment_service","create_shipment","cancel_shipment","true","true","false","STEP-03","WF-CHN-ECOMMERCE_ORDER-000018-STEP-04-create_shipment","SKIPPED_DUE_TO_PREVIOUS_FAILURE","COMPENSATION_FAILURE",,,"CP-CHN-000018-STEP-04","State before create_shipment in Porur","Expected valid create_shipment","Committed create_shipment","COMPENSATED","SAGA_REVERSE_COMPENSATION","false","PASSED","RESTORED","2026-10-04T00:46:41.104Z","2026-10-05T04:33:03.104Z"
"REC-CHN-000018-05","WF-CHN-ECOMMERCE_ORDER-000018","ecommerce_order","Chennai","Porur","CUS-CHN-000018","Harini Raghavan","+91-90000-00018","customer000018@example.test","BUS-CHN-0019","Bay View Electronics Chennai (SYNTHETIC DEMO ENTITY)","AGT-CHN-ECO-01","STEP-05","5","5","notification_service","email_customer",,"false","true","true","STEP-04","WF-CHN-ECOMMERCE_ORDER-000018-STEP-05-email_customer","SKIPPED_DUE_TO_PREVIOUS_FAILURE","COMPENSATION_FAILURE",,,"CP-CHN-000018-STEP-05","State before email_customer in Porur","Expected valid email_customer","Committed email_customer","SKIPPED","SAGA_REVERSE_COMPENSATION","false","PASSED","RESTORED","2026-10-04T00:46:41.104Z","2026-10-05T04:33:03.104Z"
"REC-CHN-000019-01","WF-CHN-HOTEL_BOOKING-000019","hotel_booking","Chennai","Mylapore","CUS-CHN-000019","Ashok Narayanan","+91-90000-00019","customer000019@example.test","BUS-CHN-0020","Adyar Residency (SYNTHETIC DEMO ENTITY)","AGT-CHN-HOT-01","STEP-01","1","5","hotel_search","search_hotel",,"false","true","false","NONE","WF-CHN-HOTEL_BOOKING-000019-STEP-01-search_hotel","COMPLETED","IRREVERSIBLE_ACTION",,,"CP-CHN-000019-STEP-01","State before search_hotel in Mylapore","Expected valid search_hotel","Committed search_hotel","NONE","FORWARD_EXECUTION","false","PASSED","COMMITTED","2026-10-04T00:46:42.104Z","2026-10-05T04:33:03.104Z"
"REC-CHN-000019-02","WF-CHN-HOTEL_BOOKING-000019","hotel_booking","Chennai","Mylapore","CUS-CHN-000019","Ashok Narayanan","+91-90000-00019","customer000019@example.test","BUS-CHN-0020","Adyar Residency (SYNTHETIC DEMO ENTITY)","AGT-CHN-HOT-01","STEP-02","2","5","room_selection","select_room",,"false","true","false","STEP-01","WF-CHN-HOTEL_BOOKING-000019-STEP-02-select_room","COMPLETED","IRREVERSIBLE_ACTION",,,"CP-CHN-000019-STEP-02","State before select_room in Mylapore","Expected valid select_room","Committed select_room","NONE","FORWARD_EXECUTION","false","PASSED","COMMITTED","2026-10-04T00:46:42.104Z","2026-10-05T04:33:03.104Z"
"REC-CHN-000019-03","WF-CHN-HOTEL_BOOKING-000019","hotel_booking","Chennai","Mylapore","CUS-CHN-000019","Ashok Narayanan","+91-90000-00019","customer000019@example.test","BUS-CHN-0020","Adyar Residency (SYNTHETIC DEMO ENTITY)","AGT-CHN-HOT-01","STEP-03","3","5","room_booking","book_room","cancel_booking","true","true","false","STEP-02","WF-CHN-HOTEL_BOOKING-000019-STEP-03-book_room","COMPLETED","IRREVERSIBLE_ACTION",,,"CP-CHN-000019-STEP-03","State before book_room in Mylapore","Expected valid book_room","Committed book_room","NONE","FORWARD_EXECUTION","false","PASSED","COMMITTED","2026-10-04T00:46:42.104Z","2026-10-05T04:33:03.104Z"
"REC-CHN-000019-04","WF-CHN-HOTEL_BOOKING-000019","hotel_booking","Chennai","Mylapore","CUS-CHN-000019","Ashok Narayanan","+91-90000-00019","customer000019@example.test","BUS-CHN-0020","Adyar Residency (SYNTHETIC DEMO ENTITY)","AGT-CHN-HOT-01","STEP-04","4","5","payment_processor","charge_card","refund_payment","true","true","false","STEP-03","WF-CHN-HOTEL_BOOKING-000019-STEP-04-charge_card","COMPLETED","IRREVERSIBLE_ACTION",,,"CP-CHN-000019-STEP-04","State before charge_card in Mylapore","Expected valid charge_card","Committed charge_card","NONE","FORWARD_EXECUTION","false","PASSED","COMMITTED","2026-10-04T00:46:42.104Z","2026-10-05T04:33:03.104Z"
"REC-CHN-000019-05","WF-CHN-HOTEL_BOOKING-000019","hotel_booking","Chennai","Mylapore","CUS-CHN-000019","Ashok Narayanan","+91-90000-00019","customer000019@example.test","BUS-CHN-0020","Adyar Residency (SYNTHETIC DEMO ENTITY)","AGT-CHN-HOT-01","STEP-05","5","5","email_service","email_customer",,"false","true","true","STEP-04","WF-CHN-HOTEL_BOOKING-000019-STEP-05-email_customer","COMPLETED","IRREVERSIBLE_ACTION",,,"CP-CHN-000019-STEP-05","State before email_customer in Mylapore","Expected valid email_customer","Committed email_customer","NONE","FORWARD_EXECUTION","false","PASSED","COMMITTED","2026-10-04T00:46:42.104Z","2026-10-05T04:33:03.105Z"
"REC-CHN-000020-01","WF-CHN-DELIVERY-000020","delivery","Chennai","Siruseri","CUS-CHN-000020","Keerthana Murali","+91-90000-00020","customer000020@example.test","BUS-CHN-0021","Chennai Express Logistics (SYNTHETIC DEMO ENTITY)","AGT-CHN-DEL-01","STEP-01","1","5","dispatch_engine","create_delivery","cancel_delivery","true","true","false","NONE","WF-CHN-DELIVERY-000020-STEP-01-create_delivery","COMPLETED","PARTIAL_FAILURE","4",,"CP-CHN-000020-STEP-01","State before create_delivery in Siruseri","Expected valid create_delivery","Committed create_delivery","NONE","FORWARD_EXECUTION","false","PASSED","COMMITTED","2026-10-04T00:46:43.105Z","2026-10-05T04:33:03.105Z"
"REC-CHN-000020-02","WF-CHN-DELIVERY-000020","delivery","Chennai","Siruseri","CUS-CHN-000020","Keerthana Murali","+91-90000-00020","customer000020@example.test","BUS-CHN-0021","Chennai Express Logistics (SYNTHETIC DEMO ENTITY)","AGT-CHN-DEL-01","STEP-02","2","5","courier_service","assign_driver","unassign_driver","true","true","false","STEP-01","WF-CHN-DELIVERY-000020-STEP-02-assign_driver","COMPLETED","PARTIAL_FAILURE","4",,"CP-CHN-000020-STEP-02","State before assign_driver in Siruseri","Expected valid assign_driver","Committed assign_driver","NONE","FORWARD_EXECUTION","false","PASSED","COMMITTED","2026-10-04T00:46:43.105Z","2026-10-05T04:33:03.105Z"
"REC-CHN-000020-03","WF-CHN-DELIVERY-000020","delivery","Chennai","Siruseri","CUS-CHN-000020","Keerthana Murali","+91-90000-00020","customer000020@example.test","BUS-CHN-0021","Chennai Express Logistics (SYNTHETIC DEMO ENTITY)","AGT-CHN-DEL-01","STEP-03","3","5","fleet_service","reserve_vehicle","release_vehicle","true","true","false","STEP-02","WF-CHN-DELIVERY-000020-STEP-03-reserve_vehicle","COMPLETED","PARTIAL_FAILURE","4",,"CP-CHN-000020-STEP-03","State before reserve_vehicle in Siruseri","Expected valid reserve_vehicle","Committed reserve_vehicle","NONE","FORWARD_EXECUTION","false","PASSED","COMMITTED","2026-10-04T00:46:43.105Z","2026-10-05T04:33:03.105Z"
"REC-CHN-000020-04","WF-CHN-DELIVERY-000020","delivery","Chennai","Siruseri","CUS-CHN-000020","Keerthana Murali","+91-90000-00020","customer000020@example.test","BUS-CHN-0021","Chennai Express Logistics (SYNTHETIC DEMO ENTITY)","AGT-CHN-DEL-01","STEP-04","4","5","sorting_service","dispatch_package","recall_dispatch","true","true","false","STEP-03","WF-CHN-DELIVERY-000020-STEP-04-dispatch_package","FAILED","PARTIAL_FAILURE","4",,"CP-CHN-000020-STEP-04","State before dispatch_package in Siruseri","Expected valid dispatch_package","Committed dispatch_package","NONE","QUERY_AUTHORITATIVE_MOCK_WORLD_THEN_COMPENSATE","false","PASSED","RESTORED","2026-10-04T00:46:43.105Z","2026-10-05T04:33:03.105Z"
"REC-CHN-000020-05","WF-CHN-DELIVERY-000020","delivery","Chennai","Siruseri","CUS-CHN-000020","Keerthana Murali","+91-90000-00020","customer000020@example.test","BUS-CHN-0021","Chennai Express Logistics (SYNTHETIC DEMO ENTITY)","AGT-CHN-DEL-01","STEP-05","5","5","alert_service","notify_customer",,"false","true","true","STEP-04","WF-CHN-DELIVERY-000020-STEP-05-notify_customer","SKIPPED_DUE_TO_PREVIOUS_FAILURE","PARTIAL_FAILURE","4",,"CP-CHN-000020-STEP-05","State before notify_customer in Siruseri","Expected valid notify_customer","Committed notify_customer","SKIPPED","SAGA_REVERSE_COMPENSATION","false","PASSED","RESTORED","2026-10-04T00:46:43.105Z","2026-10-05T04:33:03.105Z"