order_id,customer_id,customer_name,customer_phone,product_id,product_name,quantity,unit_price,total_amount,payment_id,expected_payment,actual_payment,expected_order_status,actual_order_status,expected_refund_amount,actual_refund_amount,merchant_id,transaction_status,risk_score,verification_status,anomaly_type,recovery_strategy,checkpoint_id,created_at
ORD_ECOM_00000001,CUS_ECOM_109486,Ananya Patel,+91-9000017954,PROD_4001,Wireless Noise Cancelling Headphones,1,4999.00,4999.00,PAY_ECOM_00000001,4999.00,4999.00,DELIVERED,DELIVERED,0.00,0.00,MER_ECOM_101,COMPLETED,35,VERIFIED,NONE,NONE,CP-ECOM-000001,2026-03-01T06:00:00+00:00
ORD_ECOM_00000002,CUS_ECOM_107241,Aditi Mehta,+91-9000090050,PROD_4007,Smart Home IoT Security Camera,1,2799.00,2799.00,PAY_ECOM_00000002,2799.00,2799.00,DELIVERED,DELIVERED,0.00,0.00,MER_ECOM_101,COMPLETED,27,VERIFIED,NONE,NONE,CP-ECOM-000002,2026-03-01T06:00:22+00:00
ORD_ECOM_00000003,CUS_ECOM_106250,Nikhil Iyer,+91-9000090911,PROD_4007,Smart Home IoT Security Camera,1,2799.00,2799.00,PAY_ECOM_00000003,2799.00,2799.00,SHIPPED,SHIPPED,0.00,0.00,MER_ECOM_105,COMPLETED,35,VERIFIED,NONE,NONE,CP-ECOM-000003,2026-03-01T06:00:44+00:00
ORD_ECOM_00000004,CUS_ECOM_100174,Pranav Reddy,+91-9000070844,PROD_4007,Smart Home IoT Security Camera,3,2799.00,8397.00,PAY_ECOM_00000004,8397.00,8397.00,DELIVERED,DELIVERED,0.00,0.00,MER_ECOM_105,COMPLETED,13,VERIFIED,NONE,NONE,CP-ECOM-000004,2026-03-01T06:01:06+00:00
ORD_ECOM_00000005,CUS_ECOM_100426,Pranav Bhat,+91-9000053017,PROD_4010,Organic Cotton Premium Hoodie,1,1999.00,1999.00,PAY_ECOM_00000005,1999.00,1999.00,SHIPPED,SHIPPED,0.00,0.00,MER_ECOM_101,COMPLETED,10,VERIFIED,NONE,NONE,CP-ECOM-000005,2026-03-01T06:01:28+00:00
ORD_ECOM_00000006,CUS_ECOM_101107,Riya Nair,+91-9000085132,PROD_4003,Mechanical Gaming Keyboard RGB,1,3499.00,3499.00,PAY_ECOM_00000006,3499.00,3499.00,DELIVERED,DELIVERED,0.00,0.00,MER_ECOM_103,COMPLETED,21,VERIFIED,NONE,NONE,CP-ECOM-000006,2026-03-01T06:01:50+00:00
ORD_ECOM_00000007,CUS_ECOM_107285,Divya Gupta,+91-9000028045,PROD_4001,Wireless Noise Cancelling Headphones,1,4999.00,4999.00,PAY_ECOM_00000007,4999.00,4999.00,DELIVERED,DELIVERED,0.00,0.00,MER_ECOM_103,COMPLETED,28,VERIFIED,NONE,NONE,CP-ECOM-000007,2026-03-01T06:02:12+00:00
ORD_ECOM_00000008,CUS_ECOM_105862,Kavya Menon,+91-9000080928,PROD_4003,Mechanical Gaming Keyboard RGB,1,3499.00,3499.00,PAY_ECOM_00000008,3499.00,3499.00,DELIVERED,DELIVERED,0.00,0.00,MER_ECOM_103,COMPLETED,29,VERIFIED,NONE,NONE,CP-ECOM-000008,2026-03-01T06:02:34+00:00
ORD_ECOM_00000010,CUS_ECOM_106916,Neha Nair,+91-9000036263,PROD_4004,Ergonomic Aluminium Laptop Stand,2,1299.00,2598.00,PAY_ECOM_00000010,2598.00,7598.00,PAID,PAID,0.00,0.00,MER_ECOM_103,COMPLETED,93,FAILED,WRONG_AMOUNT,COMPENSATE,CP-ECOM-000010,2026-03-01T06:03:18+00:00
ORD_ECOM_00000058,CUS_ECOM_100296,Rohan Iyer,+91-9000033230,PROD_4005,4K Ultra HD Streaming Dongle,1,3999.00,3999.00,PAY_ECOM_00000058,3999.00,4499.00,PAID,PAID,0.00,0.00,MER_ECOM_104,COMPLETED,92,FAILED,WRONG_AMOUNT,COMPENSATE,CP-ECOM-000058,2026-03-01T06:20:54+00:00
ORD_ECOM_00000156,CUS_ECOM_106598,Priya Menon,+91-9000026721,PROD_4005,4K Ultra HD Streaming Dongle,1,3999.00,3999.00,PAY_ECOM_00000156,3999.00,3999.00,PAID,PAID,0.00,0.00,MER_ECOM_104,COMPLETED,88,FAILED,DUPLICATE_ORDER,COMPENSATE,CP-ECOM-000156,2026-03-01T06:56:50+00:00
ORD_ECOM_00000159,CUS_ECOM_109890,Harsh Patel,+91-9000045405,PROD_4002,Smart Fitness Tracker Watch,1,2499.00,2499.00,PAY_ECOM_00000159,2499.00,2499.00,PAID,PAID,0.00,0.00,MER_ECOM_102,COMPLETED,90,FAILED,DUPLICATE_ORDER,COMPENSATE,CP-ECOM-000159,2026-03-01T06:57:56+00:00
ORD_ECOM_00000165,CUS_ECOM_104099,Harsh Das,+91-9000061820,PROD_4006,Fast Wireless Charging Pad 30W,1,899.00,899.00,PAY_ECOM_00000165,899.00,899.00,REFUNDED,REFUND_PENDING,899.00,359.60,MER_ECOM_104,REFUNDED,88,FAILED,WRONG_REFUND,COMPENSATE,CP-ECOM-000165,2026-03-01T07:00:08+00:00
ORD_ECOM_00000245,CUS_ECOM_100935,Sneha Gupta,+91-9000083505,PROD_4001,Wireless Noise Cancelling Headphones,1,4999.00,4999.00,PAY_ECOM_00000245,4999.00,4999.00,REFUNDED,REFUND_PENDING,4999.00,1999.60,MER_ECOM_101,REFUNDED,86,FAILED,WRONG_REFUND,COMPENSATE,CP-ECOM-000245,2026-03-01T07:29:28+00:00
ORD_ECOM_00000113,CUS_ECOM_999703,Ishaan Iyer,+91-9000048138,PROD_4002,Smart Fitness Tracker Watch,1,2499.00,2499.00,PAY_ECOM_00000113,2499.00,2499.00,PAID,PAID,0.00,0.00,MER_ECOM_103,COMPLETED,89,FAILED,WRONG_CUSTOMER,HUMAN_ESCALATION,CP-ECOM-000113,2026-03-01T06:41:04+00:00
ORD_ECOM_00000214,CUS_ECOM_996783,Divya Reddy,+91-9000056217,PROD_4006,Fast Wireless Charging Pad 30W,1,899.00,899.00,PAY_ECOM_00000214,899.00,899.00,PAID,PAID,0.00,0.00,MER_ECOM_104,COMPLETED,95,FAILED,WRONG_CUSTOMER,HUMAN_ESCALATION,CP-ECOM-000214,2026-03-01T07:18:06+00:00
ORD_ECOM_00000161,CUS_ECOM_109320,Nikhil Nair,+91-9000049953,PROD_4009,Portable SSD 1TB USB 3.2,2,6999.00,13998.00,PAY_ECOM_00000161,13998.00,13998.00,CANCELLED,PROCESSING,0.00,0.00,MER_ECOM_101,PROCESSING,97,FAILED,CANCEL_FAILURE,HUMAN_ESCALATION,CP-ECOM-000161,2026-03-01T06:58:40+00:00
ORD_ECOM_00000174,CUS_ECOM_103092,Vikram Menon,+91-9000092432,PROD_4003,Mechanical Gaming Keyboard RGB,1,3499.00,3499.00,PAY_ECOM_00000174,3499.00,3499.00,CANCELLED,PROCESSING,0.00,0.00,MER_ECOM_102,PROCESSING,88,FAILED,CANCEL_FAILURE,HUMAN_ESCALATION,CP-ECOM-000174,2026-03-01T07:03:26+00:00
ORD_ECOM_00000189,CUS_ECOM_103016,Aarav Singh,+91-9000084959,PROD_4004,Ergonomic Aluminium Laptop Stand,1,1299.00,1299.00,PAY_ECOM_00000189,1299.00,1299.00,PAID,UNKNOWN,0.00,0.00,MER_ECOM_101,UNKNOWN,89,FAILED,UNKNOWN_STATE,VERIFY_BEFORE_RETRY,CP-ECOM-000189,2026-03-01T07:08:56+00:00
ORD_ECOM_00000534,CUS_ECOM_104000,Zoya Bhat,+91-9000084588,PROD_4008,Noise Isolating Studio Earbuds,1,1499.00,1499.00,PAY_ECOM_00000534,1499.00,1499.00,PAID,UNKNOWN,0.00,0.00,MER_ECOM_103,UNKNOWN,76,FAILED,UNKNOWN_STATE,VERIFY_BEFORE_RETRY,CP-ECOM-000534,2026-03-01T09:15:26+00:00
