payment_id,company_id,department_id,employee_or_vendor_id,entity_name,entity_type,phone_number,invoice_id,invoice_amount,approved_amount,payment_amount,currency,source_account,destination_account,expected_recipient,actual_recipient,expected_amount,actual_amount,payment_status,approval_status,risk_score,verification_status,anomaly_type,recovery_strategy,checkpoint_id,batch_id,created_at
PAY_ENT_00000001,CORP_ACME_IN,DEPT_ENG,EMP_3912,Ananya Singh,EMPLOYEE,+91-9000014370,INV_2026_495728,250000.00,250000.00,250000.00,INR,ACC_CORP_102,ACC_REC_516717,Ananya Singh,Ananya Singh,250000.00,250000.00,COMPLETED,APPROVED,35,VERIFIED,NONE,NONE,CP-ENT-000001,BATCH-ENT-2026-001,2026-03-01T07:30:00+00:00
PAY_ENT_00000002,CORP_GLOBAL_CORP,DEPT_ENG,VEN_5004,CyberShield Security Solutions,VENDOR,+91-9000090050,INV_2026_756603,15000.00,15000.00,15000.00,INR,ACC_CORP_102,ACC_REC_588810,CyberShield Security Solutions,CyberShield Security Solutions,15000.00,15000.00,COMPLETED,APPROVED,11,VERIFIED,NONE,NONE,CP-ENT-000002,BATCH-ENT-2026-001,2026-03-01T07:30:20+00:00
PAY_ENT_00000003,CORP_NEXUS_TECH,DEPT_FINANCE,EMP_3421,Varun Bhat,EMPLOYEE,+91-9000022560,INV_2026_747289,3500.00,3500.00,3500.00,INR,ACC_CORP_101,ACC_REC_559430,Varun Bhat,Varun Bhat,3500.00,3500.00,COMPLETED,APPROVED,35,VERIFIED,NONE,NONE,CP-ENT-000003,BATCH-ENT-2026-001,2026-03-01T07:30:40+00:00
PAY_ENT_00000004,CORP_GLOBAL_CORP,DEPT_OPERATIONS,VEN_5006,Precision Legal & Compliance Advisors,CONTRACTOR,+91-9000023274,INV_2026_456114,2500.00,2500.00,2500.00,INR,ACC_CORP_108,ACC_REC_567793,Precision Legal & Compliance Advisors,Precision Legal & Compliance Advisors,2500.00,2500.00,COMPLETED,APPROVED,16,VERIFIED,NONE,NONE,CP-ENT-000004,BATCH-ENT-2026-001,2026-03-01T07:31:00+00:00
PAY_ENT_00000005,CORP_ACME_IN,DEPT_ENG,EMP_3608,Priya Patel,EMPLOYEE,+91-9000088010,INV_2026_847949,65000.00,65000.00,65000.00,INR,ACC_CORP_103,ACC_REC_583541,Priya Patel,Priya Patel,65000.00,65000.00,COMPLETED,APPROVED,21,VERIFIED,NONE,NONE,CP-ENT-000005,BATCH-ENT-2026-001,2026-03-01T07:31:20+00:00
PAY_ENT_00000006,CORP_GLOBAL_CORP,DEPT_FINANCE,VEN_5002,Apex Office Logistics Pvt Ltd,SUPPLIER,+91-9000068277,INV_2026_294955,6000.00,6000.00,6000.00,INR,ACC_CORP_101,ACC_REC_507929,Apex Office Logistics Pvt Ltd,Apex Office Logistics Pvt Ltd,6000.00,6000.00,COMPLETED,APPROVED,28,VERIFIED,NONE,NONE,CP-ENT-000006,BATCH-ENT-2026-001,2026-03-01T07:31:40+00:00
PAY_ENT_00000007,CORP_GLOBAL_CORP,DEPT_OPERATIONS,VEN_5005,OmniSupply Hardware Distributors,SUPPLIER,+91-9000050788,INV_2026_712019,42000.00,42000.00,42000.00,INR,ACC_CORP_103,ACC_REC_561542,OmniSupply Hardware Distributors,OmniSupply Hardware Distributors,42000.00,42000.00,COMPLETED,APPROVED,20,VERIFIED,NONE,NONE,CP-ENT-000007,BATCH-ENT-2026-001,2026-03-01T07:32:00+00:00
PAY_ENT_00000008,CORP_NEXUS_TECH,DEPT_SALES,EMP_3695,Gaurav Banerjee,EMPLOYEE,+91-9000077853,INV_2026_714927,65000.00,65000.00,65000.00,INR,ACC_CORP_101,ACC_REC_531115,Gaurav Banerjee,Gaurav Banerjee,65000.00,65000.00,COMPLETED,APPROVED,27,VERIFIED,NONE,NONE,CP-ENT-000008,BATCH-ENT-2026-001,2026-03-01T07:32:20+00:00
PAY_ENT_00000009,CORP_ACME_IN,DEPT_FINANCE,VEN_5006,Precision Legal & Compliance Advisors,CONTRACTOR,+91-9000035612,INV_2026_310106,42000.00,42000.00,42000.00,INR,ACC_CORP_102,ACC_REC_544768,Precision Legal & Compliance Advisors,Precision Legal & Compliance Advisors,42000.00,42000.00,COMPLETED,APPROVED,25,VERIFIED,NONE,NONE,CP-ENT-000009,BATCH-ENT-2026-001,2026-03-01T07:32:40+00:00
PAY_ENT_00000011,CORP_ACME_IN,DEPT_MARKETING,VEN_5005,OmniSupply Hardware Distributors,SUPPLIER,+91-9000040182,INV_2026_589200,50000.00,50000.00,50000.00,INR,ACC_CORP_104,ACC_REC_563013,OmniSupply Hardware Distributors,OmniSupply Hardware Distributors,50000.00,50000.00,COMPLETED,APPROVED,20,VERIFIED,NONE,NONE,CP-ENT-000011,BATCH-ENT-2026-001,2026-03-01T07:33:20+00:00
PAY_ENT_00000012,CORP_GLOBAL_CORP,DEPT_HR,EMP_3372,Aarav Sharma,EMPLOYEE,+91-9000034149,INV_2026_966213,1200.00,1200.00,1200.00,INR,ACC_CORP_102,ACC_REC_546909,Aarav Sharma,Aarav Sharma,1200.00,1200.00,COMPLETED,APPROVED,13,VERIFIED,NONE,NONE,CP-ENT-000012,BATCH-ENT-2026-001,2026-03-01T07:33:40+00:00
PAY_ENT_00000014,CORP_NEXUS_TECH,DEPT_MARKETING,VEN_5005,OmniSupply Hardware Distributors,SUPPLIER,+91-9000054540,INV_2026_988705,50000.00,50000.00,50000.00,INR,ACC_CORP_103,ACC_REC_525689,OmniSupply Hardware Distributors,OmniSupply Hardware Distributors,50000.00,50000.00,COMPLETED,APPROVED,18,VERIFIED,NONE,NONE,CP-ENT-000014,BATCH-ENT-2026-001,2026-03-01T07:34:20+00:00
PAY_ENT_00000013,CORP_INDUS_AI,DEPT_SALES,EMP_3935,Divya Joshi,EMPLOYEE,+91-9000035480,INV_2026_762003,7800.00,7800.00,7800.00,INR,ACC_CORP_101,ACC_REC_503891,Divya Joshi,Rogue Unvetted Vendor Pvt Ltd,7800.00,7800.00,PENDING,APPROVED,90,FAILED,WRONG_VENDOR,CANCEL,CP-ENT-000013,BATCH-ENT-2026-001,2026-03-01T07:34:00+00:00
PAY_ENT_00000010,CORP_GLOBAL_CORP,DEPT_OPERATIONS,VEN_5003,Global Talent Recruitment Hub,CONTRACTOR,+91-9000085813,INV_2026_693596,550000.00,550000.00,650000.00,INR,ACC_CORP_105,ACC_REC_554880,Global Talent Recruitment Hub,Global Talent Recruitment Hub,550000.00,650000.00,PENDING,APPROVED,85,FAILED,WRONG_AMOUNT,CANCEL,CP-ENT-000010,BATCH-ENT-2026-001,2026-03-01T07:33:00+00:00
PAY_ENT_00000156,CORP_INDUS_AI,DEPT_MARKETING,VEN_5003,Global Talent Recruitment Hub,CONTRACTOR,+91-9000084209,INV_2026_734089,6000.00,6000.00,6000.00,INR,ACC_CORP_104,ACC_REC_597088,Global Talent Recruitment Hub,Global Talent Recruitment Hub,6000.00,6000.00,COMPLETED,APPROVED,94,FAILED,DUPLICATE_PAYMENT,COMPENSATE,CP-ENT-000156,BATCH-ENT-2026-001,2026-03-01T08:21:40+00:00
PAY_ENT_00000299,CORP_GLOBAL_CORP,DEPT_ENG,EMP_3039,Priya Patel,EMPLOYEE,+91-9000090203,INV_2026_362652,250000.00,250000.00,250000.00,INR,ACC_CORP_102,ACC_REC_557873,Priya Patel,Priya Patel,250000.00,250000.00,BLOCKED,UNAPPROVED,92,FAILED,UNAPPROVED_PAYMENT,BLOCK + HUMAN_APPROVAL,CP-ENT-000299,BATCH-ENT-2026-002,2026-03-01T09:09:20+00:00
PAY_ENT_00000113,CORP_ACME_IN,DEPT_HR,EMP_3185,Pooja Reddy,EMPLOYEE,+91-9000033680,INV_2026_728205,45000.00,45000.00,45000.00,INR,ACC_CORP_109,ACC_REC_558620,Pooja Reddy,Pooja Reddy,45000.00,45000.00,PENDING,APPROVED,86,FAILED,WRONG_ACCOUNT,CANCEL,CP-ENT-000113,BATCH-ENT-2026-001,2026-03-01T08:07:20+00:00
PAY_ENT_00000161,CORP_NEXUS_TECH,DEPT_MARKETING,VEN_5001,TechNova Cloud Infrastructure,VENDOR,+91-9000058380,INV_2026_440328,48000.00,48000.00,48000.00,INR,ACC_CORP_105,ACC_REC_594645,TechNova Cloud Infrastructure,TechNova Cloud Infrastructure,48000.00,48000.00,UNKNOWN,APPROVED,79,FAILED,TIMEOUT,VERIFY_BEFORE_RETRY,CP-ENT-000161,BATCH-ENT-2026-001,2026-03-01T08:23:20+00:00
PAY_ENT_00000189,CORP_INDUS_AI,DEPT_MARKETING,VEN_5001,TechNova Cloud Infrastructure,VENDOR,+91-9000089309,INV_2026_982601,32000.00,32000.00,32000.00,INR,ACC_CORP_108,ACC_REC_541051,TechNova Cloud Infrastructure,TechNova Cloud Infrastructure,32000.00,32000.00,BLOCKED,REJECTED,94,FAILED,OTHER_POLICY_VIOLATION,BLOCK + HUMAN_APPROVAL,CP-ENT-000189,BATCH-ENT-2026-001,2026-03-01T08:32:40+00:00
PAY_ENT_00000174,CORP_INDUS_AI,DEPT_HR,EMP_3186,Divya Joshi,EMPLOYEE,+91-9000079531,INV_2026_451110,14500.00,14500.00,14500.00,INR,ACC_CORP_103,ACC_REC_587461,Divya Joshi,Divya Joshi,14500.00,14500.00,UNKNOWN,APPROVED,84,FAILED,UNKNOWN_STATE,VERIFY_BEFORE_RETRY,CP-ENT-000174,BATCH-ENT-2026-001,2026-03-01T08:27:40+00:00
