transaction_id,merchant_id,merchant_name,customer_id,customer_phone,payment_method,order_id,amount,currency,payment_status,expected_merchant,actual_merchant,expected_amount,actual_amount,expected_order_id,actual_order_id,transaction_timestamp,risk_score,verification_status,anomaly_type,recovery_strategy,checkpoint_id,batch_id
TXN_WAL_00000001,MERCHANT_1001,QuickBites Cloud Kitchen,CUS_2009486,+91-9000026361,WALLET,ORD_9063635,499.00,INR,PENDING,MERCHANT_1001,MERCHANT_1001,499.00,499.00,ORD_9063635,ORD_9063635,2026-03-01T08:00:00+00:00,32,VERIFIED,NONE,NONE,CP-WAL-000001,BATCH-WAL-2026-001
TXN_WAL_00000002,MERCHANT_1008,EcoRide Mobility,CUS_2001066,+91-9000026716,WALLET,ORD_9963763,199.00,INR,COMPLETED,MERCHANT_1008,MERCHANT_1008,199.00,199.00,ORD_9963763,ORD_9963763,2026-03-01T08:00:18+00:00,23,VERIFIED,NONE,NONE,CP-WAL-000002,BATCH-WAL-2026-001
TXN_WAL_00000003,MERCHANT_1001,QuickBites Cloud Kitchen,CUS_2001078,+91-9000023346,WALLET,ORD_9586425,499.00,INR,COMPLETED,MERCHANT_1001,MERCHANT_1001,499.00,499.00,ORD_9586425,ORD_9586425,2026-03-01T08:00:36+00:00,13,VERIFIED,NONE,NONE,CP-WAL-000003,BATCH-WAL-2026-001
TXN_WAL_00000004,MERCHANT_1010,PrimeCinema Tickets,CUS_2006736,+91-9000040554,PAYMENT_GATEWAY_SIMULATION,ORD_9825728,199.00,INR,COMPLETED,MERCHANT_1010,MERCHANT_1010,199.00,199.00,ORD_9825728,ORD_9825728,2026-03-01T08:00:54+00:00,35,VERIFIED,NONE,NONE,CP-WAL-000004,BATCH-WAL-2026-001
TXN_WAL_00000005,MERCHANT_1006,FitLife Supplements,CUS_2007015,+91-9000091292,PAYMENT_GATEWAY_SIMULATION,ORD_9106198,1499.00,INR,COMPLETED,MERCHANT_1006,MERCHANT_1006,1499.00,1499.00,ORD_9106198,ORD_9106198,2026-03-01T08:01:12+00:00,10,VERIFIED,NONE,NONE,CP-WAL-000005,BATCH-WAL-2026-001
TXN_WAL_00000006,MERCHANT_1004,AeroTravel Flights & Stays,CUS_2007440,+91-9000077792,UPI_SIMULATION,ORD_9616367,199.00,INR,COMPLETED,MERCHANT_1004,MERCHANT_1004,199.00,199.00,ORD_9616367,ORD_9616367,2026-03-01T08:01:30+00:00,32,VERIFIED,NONE,NONE,CP-WAL-000006,BATCH-WAL-2026-001
TXN_WAL_00000007,MERCHANT_1010,PrimeCinema Tickets,CUS_2001107,+91-9000087710,CARD_SIMULATION,ORD_9948301,199.00,INR,COMPLETED,MERCHANT_1010,MERCHANT_1010,199.00,199.00,ORD_9948301,ORD_9948301,2026-03-01T08:01:48+00:00,21,VERIFIED,NONE,NONE,CP-WAL-000007,BATCH-WAL-2026-001
TXN_WAL_00000008,MERCHANT_1003,UrbanStyle Apparel,CUS_2006898,+91-9000073097,PAYMENT_GATEWAY_SIMULATION,ORD_9466223,499.00,INR,COMPLETED,MERCHANT_1003,MERCHANT_1003,499.00,499.00,ORD_9466223,ORD_9466223,2026-03-01T08:02:06+00:00,11,VERIFIED,NONE,NONE,CP-WAL-000008,BATCH-WAL-2026-001
TXN_WAL_00000138,MERCHANT_1005,AeroTravel Flights & Stays,CUS_2006413,+91-9000061257,WALLET,ORD_9553486,499.00,INR,COMPLETED,MERCHANT_1005,MERCHANT_1004,499.00,499.00,ORD_9553486,ORD_9553486,2026-03-01T08:41:06+00:00,96,FAILED,WRONG_MERCHANT,COMPENSATE,CP-WAL-000138,BATCH-WAL-2026-001
TXN_WAL_00000159,MERCHANT_1006,Unauthorized Rogue Vendor,CUS_2009866,+91-9000082361,CARD_SIMULATION,ORD_9620530,499.00,INR,PENDING,MERCHANT_1006,MERCHANT_1099,499.00,499.00,ORD_9620530,ORD_9620530,2026-03-01T08:47:24+00:00,91,FAILED,WRONG_MERCHANT,CANCEL,CP-WAL-000159,BATCH-WAL-2026-001
TXN_WAL_00000156,MERCHANT_1003,UrbanStyle Apparel,CUS_2004808,+91-9000096397,PAYMENT_GATEWAY_SIMULATION,ORD_9466533,5999.00,INR,COMPLETED,MERCHANT_1003,MERCHANT_1003,999.00,5999.00,ORD_9466533,ORD_9466533,2026-03-01T08:46:30+00:00,90,FAILED,WRONG_AMOUNT,COMPENSATE,CP-WAL-000156,BATCH-WAL-2026-001
TXN_WAL_00000299,MERCHANT_1005,NextGen Electronics,CUS_2008316,+91-9000047172,UPI_SIMULATION,ORD_9922335,10499.00,INR,PENDING,MERCHANT_1005,MERCHANT_1005,499.00,10499.00,ORD_9922335,ORD_9922335,2026-03-01T09:29:24+00:00,92,FAILED,WRONG_AMOUNT,CANCEL,CP-WAL-000299,BATCH-WAL-2026-002
TXN_WAL_00000113,MERCHANT_1007,BookWorm Media,CUS_2004144,+91-9000049612,NET_BANKING_SIMULATION,ORD_9559103,999.00,INR,COMPLETED,MERCHANT_1007,MERCHANT_1007,999.00,999.00,ORD_9559103,ORD_9559103,2026-03-01T08:33:36+00:00,93,FAILED,DUPLICATE_CHARGE,COMPENSATE,CP-WAL-000113,BATCH-WAL-2026-001
TXN_WAL_00000165,MERCHANT_1010,PrimeCinema Tickets,CUS_2005150,+91-9000026127,CARD_SIMULATION,ORD_9135074,499.00,INR,COMPLETED,MERCHANT_1010,MERCHANT_1010,499.00,499.00,ORD_9135074,ORD_9135074,2026-03-01T08:49:12+00:00,94,FAILED,DUPLICATE_CHARGE,COMPENSATE,CP-WAL-000165,BATCH-WAL-2026-001
TXN_WAL_00000161,MERCHANT_1002,FreshMart Groceries,CUS_2006969,+91-9000028775,PAYMENT_GATEWAY_SIMULATION,ORD_9213661,749.50,INR,REFUNDED,MERCHANT_1002,MERCHANT_1002,1499.00,749.50,ORD_9213661,ORD_9213661,2026-03-01T08:48:00+00:00,83,FAILED,REFUND_MISMATCH,COMPENSATE,CP-WAL-000161,BATCH-WAL-2026-001
TXN_WAL_00000375,MERCHANT_1005,NextGen Electronics,CUS_2009717,+91-9000026178,WALLET,ORD_9512090,100.00,INR,REFUNDED,MERCHANT_1005,MERCHANT_1005,199.00,100.00,ORD_9512090,ORD_9512090,2026-03-01T09:52:12+00:00,86,FAILED,REFUND_MISMATCH,COMPENSATE,CP-WAL-000375,BATCH-WAL-2026-002
TXN_WAL_00000189,MERCHANT_1004,AeroTravel Flights & Stays,CUS_2000096,+91-9000057085,CARD_SIMULATION,ORD_9116042,499.00,INR,UNKNOWN,MERCHANT_1004,MERCHANT_1004,499.00,499.00,ORD_9116042,ORD_9116042,2026-03-01T08:56:24+00:00,74,FAILED,TIMEOUT,VERIFY_BEFORE_RETRY,CP-WAL-000189,BATCH-WAL-2026-001
TXN_WAL_00000534,MERCHANT_1010,PrimeCinema Tickets,CUS_2003547,+91-9000046698,CARD_SIMULATION,ORD_9275711,199.00,INR,UNKNOWN,MERCHANT_1010,MERCHANT_1010,199.00,199.00,ORD_9275711,ORD_9275711,2026-03-01T10:39:54+00:00,82,FAILED,TIMEOUT,VERIFY_BEFORE_RETRY,CP-WAL-000534,BATCH-WAL-2026-003
TXN_WAL_00000174,MERCHANT_1002,FreshMart Groceries,CUS_2001303,+91-9000020052,CARD_SIMULATION,ORD_9990765,199.00,INR,UNKNOWN,MERCHANT_1002,MERCHANT_1002,199.00,199.00,ORD_9990765,ORD_9990765,2026-03-01T08:51:54+00:00,85,FAILED,UNKNOWN_PAYMENT_STATE,HUMAN_REVIEW,CP-WAL-000174,BATCH-WAL-2026-001
TXN_WAL_00000275,MERCHANT_1002,FreshMart Groceries,CUS_2004012,+91-9000083505,WALLET,ORD_9162071,499.00,INR,UNKNOWN,MERCHANT_1002,MERCHANT_1002,499.00,499.00,ORD_9162071,ORD_9162071,2026-03-01T09:22:12+00:00,87,FAILED,UNKNOWN_PAYMENT_STATE,HUMAN_REVIEW,CP-WAL-000275,BATCH-WAL-2026-002
