record_id,domain,scenario,customer_id,customer_name,phone_number,organization_id,agent_id,transaction_id,action_id,source,destination,amount,currency,expected_state,actual_state,risk_score,reversibility,transaction_status,verification_status,anomaly_type,recovery_strategy,checkpoint_id,batch_id,human_approval_required,created_at
REC-UNI-00000001,AI_AGENT_OPERATIONS,"Multi-Tool Execution, File Sync & API Orchestration",CUS_1007657,Aarav Verma,+91-9000088539,ORG_CORP_101,AGENT_PAY_01,TXN-UNI-00000001,ACT-UNI-00000001,ACC_SRC_1678,ACC_DST_2268,2500.00,INR,"Transfer ₹2,500.00 INR to Nikhil Joshi (ACC_DST_2268) [Status: COMPLETED]","Transfer ₹2,500.00 INR to Nikhil Joshi (ACC_DST_2268) [Status: COMPLETED]",30,REVERSIBLE,COMPLETED,VERIFIED,NORMAL,NONE,CP-UNI-000001,BATCH-000001,False,2026-03-01T06:00:00+00:00
REC-UNI-00000002,ENTERPRISE_FINANCE,"Corporate Payroll, Invoices & Vendor Settlement",CUS_1005923,Sneha Bhat,+91-9000046055,ORG_GLOBAL_505,AGENT_FIN_02,TXN-UNI-00000002,ACT-UNI-00000002,ACC_SRC_1415,ACC_DST_2387,500.00,INR,Transfer ₹500.00 INR to Harsh Kumar (ACC_DST_2387) [Status: COMPLETED],Transfer ₹500.00 INR to Harsh Kumar (ACC_DST_2387) [Status: COMPLETED],14,REVERSIBLE,COMPLETED,VERIFIED,NORMAL,NONE,CP-UNI-000002,BATCH-000001,False,2026-03-01T06:00:15+00:00
REC-UNI-00000003,BANKING,Autonomous P2P & Account Settlement,CUS_1008384,Harsh Sen,+91-9000058439,ORG_CORP_101,AGENT_ECOM_03,TXN-UNI-00000003,ACT-UNI-00000003,ACC_SRC_1318,ACC_DST_2842,1000.00,INR,"Transfer ₹1,000.00 INR to Tanvi Menon (ACC_DST_2842) [Status: COMPLETED]","Transfer ₹1,000.00 INR to Tanvi Menon (ACC_DST_2842) [Status: COMPLETED]",22,REVERSIBLE,COMPLETED,VERIFIED,NORMAL,NONE,CP-UNI-000003,BATCH-000001,False,2026-03-01T06:00:30+00:00
REC-UNI-00000004,PAYMENT_PLATFORM,Digital Wallet & Merchant Checkout,CUS_1009053,Shreya Verma,+91-9000091922,ORG_TECH_404,AGENT_PAY_01,TXN-UNI-00000004,ACT-UNI-00000004,ACC_SRC_1417,ACC_DST_2213,2500.00,INR,"Transfer ₹2,500.00 INR to Pooja Agarwal (ACC_DST_2213) [Status: COMPLETED]","Transfer ₹2,500.00 INR to Pooja Agarwal (ACC_DST_2213) [Status: COMPLETED]",29,REVERSIBLE,COMPLETED,VERIFIED,NORMAL,NONE,CP-UNI-000004,BATCH-000001,False,2026-03-01T06:00:45+00:00
REC-UNI-00000005,PAYMENT_PLATFORM,Digital Wallet & Merchant Checkout,CUS_1005818,Tanvi Sharma,+91-9000091841,ORG_GLOBAL_505,AGENT_FIN_02,TXN-UNI-00000005,ACT-UNI-00000005,ACC_SRC_1129,ACC_DST_2067,250.00,INR,Transfer ₹250.00 INR to Ishaan Verma (ACC_DST_2067) [Status: COMPLETED],Transfer ₹250.00 INR to Ishaan Verma (ACC_DST_2067) [Status: COMPLETED],13,REVERSIBLE,COMPLETED,VERIFIED,NORMAL,NONE,CP-UNI-000005,BATCH-000001,False,2026-03-01T06:01:00+00:00
REC-UNI-00000013,PAYMENT_PLATFORM,Digital Wallet & Merchant Checkout,CUS_1008690,Rahul Sharma,+91-9000039604,ORG_CORP_101,AGENT_ECOM_03,TXN-UNI-00000013,ACT-UNI-00000013,ACC_SRC_1248,ACC_DST_2570,100000.00,INR,"Transfer ₹100,000.00 INR to Rahul Singh (ACC_DST_2570) [Status: COMPLETED]","Transfer ₹100,000.00 INR to Manish Rao (ACC_DST_2570) [Status: PENDING]",92,REVERSIBLE,PENDING,FAILED,WRONG_RECIPIENT,CANCEL,CP-UNI-000013,BATCH-000001,False,2026-03-01T06:03:00+00:00
REC-UNI-00000025,AI_AGENT_OPERATIONS,"Multi-Tool Execution, File Sync & API Orchestration",CUS_1001205,Harsh Chopra,+91-9000046047,ORG_ECOM_303,AGENT_ECOM_03,TXN-UNI-00000025,ACT-UNI-00000025,ACC_SRC_1429,ACC_DST_2079,500.00,INR,Transfer ₹500.00 INR to Ishaan Verma (ACC_DST_2079) [Status: COMPLETED],Transfer ₹500.00 INR to Sneha Mehta (ACC_DST_2079) [Status: PENDING],87,REVERSIBLE,PENDING,FAILED,WRONG_RECIPIENT,CANCEL,CP-UNI-000025,BATCH-000001,False,2026-03-01T06:06:00+00:00
REC-UNI-00000073,AI_AGENT_OPERATIONS,"Multi-Tool Execution, File Sync & API Orchestration",CUS_1000587,Shreya Banerjee,+91-9000067855,ORG_CORP_101,AGENT_ECOM_03,TXN-UNI-00000073,ACT-UNI-00000073,ACC_SRC_1946,ACC_DST_2184,2500.00,INR,"Transfer ₹2,500.00 INR to Yash Deshmukh (ACC_DST_2184) [Status: COMPLETED]","Transfer ₹2,500.00 INR to Pranav Reddy (ACC_DST_2184) [Status: PENDING]",92,REVERSIBLE,PENDING,FAILED,WRONG_RECIPIENT,CANCEL,CP-UNI-000073,BATCH-000001,False,2026-03-01T06:18:00+00:00
REC-UNI-00000010,BANKING,Autonomous P2P & Account Settlement,CUS_1005073,Suresh Kapoor,+91-9000020769,ORG_TECH_404,AGENT_PAY_01,TXN-UNI-00000010,ACT-UNI-00000010,ACC_SRC_1842,ACC_DST_2400,5000.00,INR,"Transfer ₹5,000.00 INR to Sam Reddy (ACC_DST_2400) [Status: COMPLETED]","Transfer ₹10,000.00 INR to Sam Reddy (ACC_DST_2400) [Status: PENDING]",94,REVERSIBLE,PENDING,FAILED,WRONG_AMOUNT,CANCEL,CP-UNI-000010,BATCH-000001,False,2026-03-01T06:02:15+00:00
REC-UNI-00000058,ENTERPRISE_FINANCE,"Corporate Payroll, Invoices & Vendor Settlement",CUS_1003576,Pranav Patel,+91-9000097539,ORG_GLOBAL_505,AGENT_ECOM_03,TXN-UNI-00000058,ACT-UNI-00000058,ACC_SRC_1315,ACC_DST_2271,250.00,INR,Transfer ₹250.00 INR to Sneha Singh (ACC_DST_2271) [Status: COMPLETED],"Transfer ₹5,250.00 INR to Sneha Singh (ACC_DST_2271) [Status: PENDING]",82,REVERSIBLE,PENDING,FAILED,WRONG_AMOUNT,CANCEL,CP-UNI-000058,BATCH-000001,False,2026-03-01T06:14:15+00:00
REC-UNI-00000138,ENTERPRISE_FINANCE,"Corporate Payroll, Invoices & Vendor Settlement",CUS_1005703,Neha Mehta,+91-9000065727,ORG_FIN_202,AGENT_FIN_02,TXN-UNI-00000138,ACT-UNI-00000138,ACC_SRC_1258,ACC_DST_2492,500.00,INR,Transfer ₹500.00 INR to Deepak Kapoor (ACC_DST_2492) [Status: COMPLETED],Transfer ₹500.00 INR to Deepak Kapoor (ACC_DST_9445) [Status: PENDING],84,REVERSIBLE,PENDING,FAILED,WRONG_ACCOUNT,CANCEL,CP-UNI-000138,BATCH-000002,False,2026-03-01T06:34:15+00:00
REC-UNI-00000252,AI_AGENT_OPERATIONS,"Multi-Tool Execution, File Sync & API Orchestration",CUS_1000160,Rohan Verma,+91-9000080889,ORG_ECOM_303,AGENT_ECOM_03,TXN-UNI-00000252,ACT-UNI-00000252,ACC_SRC_1110,ACC_DST_2044,50000.00,INR,"Transfer ₹50,000.00 INR to Sam Malhotra (ACC_DST_2044) [Status: COMPLETED]","Transfer ₹50,000.00 INR to Sam Malhotra (ACC_DST_9749) [Status: COMPLETED]",84,REVERSIBLE,COMPLETED,FAILED,WRONG_ACCOUNT,COMPENSATE,CP-UNI-000252,BATCH-000003,False,2026-03-01T07:02:45+00:00
REC-UNI-00000156,PAYMENT_PLATFORM,Digital Wallet & Merchant Checkout,CUS_1003203,Rahul Verma,+91-9000017198,ORG_FIN_202,AGENT_PAY_01,TXN-UNI-00000142,ACT-UNI-00000156,ACC_SRC_1253,ACC_DST_2056,50000.00,INR,"Transfer ₹5,000.00 INR to Ananya Deshmukh (ACC_DST_2823) [Status: COMPLETED]",Duplicate execution of transaction TXN-UNI-00000142 detected on ACC_DST_2056,91,REVERSIBLE,PENDING,FAILED,DUPLICATE,CANCEL_DUPLICATE,CP-UNI-000156,BATCH-000002,False,2026-03-01T06:38:45+00:00
REC-UNI-00000159,BANKING,Autonomous P2P & Account Settlement,CUS_1004304,Riya Gupta,+91-9000069151,ORG_ECOM_303,AGENT_CORE_05,TXN-UNI-00000149,ACT-UNI-00000159,ACC_SRC_1841,ACC_DST_2733,5000.00,INR,"Transfer ₹2,500.00 INR to Riya Chopra (ACC_DST_2756) [Status: COMPLETED]",Duplicate execution of transaction TXN-UNI-00000149 detected on ACC_DST_2733,95,REVERSIBLE,COMPLETED,FAILED,DUPLICATE,COMPENSATE,CP-UNI-000159,BATCH-000002,False,2026-03-01T06:39:30+00:00
REC-UNI-00000299,BANKING,Autonomous P2P & Account Settlement,CUS_1000570,Tanvi Malhotra,+91-9000041573,ORG_CORP_101,AGENT_PAY_01,TXN-UNI-00000299,ACT-UNI-00000299,ACC_SRC_1724,ACC_DST_2855,10000.00,INR,"Transfer ₹10,000.00 INR to Vikram Pillai (ACC_DST_2855) [Status: COMPLETED]",Gateway / Service Timeout: Result inconclusive,85,REVERSIBLE,UNKNOWN,FAILED,TIMEOUT,VERIFY_BEFORE_RETRY,CP-UNI-000299,BATCH-000003,False,2026-03-01T07:14:30+00:00
REC-UNI-00000417,AI_AGENT_OPERATIONS,"Multi-Tool Execution, File Sync & API Orchestration",CUS_1005734,Sanjay Das,+91-9000033356,ORG_CORP_101,AGENT_FIN_02,TXN-UNI-00000417,ACT-UNI-00000417,ACC_SRC_1719,ACC_DST_2401,25000.00,INR,"Transfer ₹25,000.00 INR to Neha Malhotra (ACC_DST_2401) [Status: COMPLETED]",Gateway / Service Timeout: Result inconclusive,82,REVERSIBLE,UNKNOWN,FAILED,TIMEOUT,VERIFY_BEFORE_RETRY,CP-UNI-000417,BATCH-000005,False,2026-03-01T07:44:00+00:00
REC-UNI-00000375,BANKING,Autonomous P2P & Account Settlement,CUS_1007579,Sneha Iyer,+91-9000072427,ORG_TECH_404,AGENT_ECOM_03,TXN-UNI-00000375,ACT-UNI-00000375,ACC_SRC_1845,ACC_DST_2267,25000.00,INR,"Transfer ₹25,000.00 INR to Ananya Agarwal (ACC_DST_2267) [Status: COMPLETED]","Refund issue mismatch: Expected ₹25,000.00 but processed ₹12,500.00",89,REVERSIBLE,COMPLETED,FAILED,WRONG_REFUND,COMPENSATE,CP-UNI-000375,BATCH-000004,False,2026-03-01T07:33:30+00:00
REC-UNI-00000486,PAYMENT_PLATFORM,Digital Wallet & Merchant Checkout,CUS_1007262,Sam Joshi,+91-9000077104,ORG_FIN_202,AGENT_FIN_02,TXN-UNI-00000486,ACT-UNI-00000486,ACC_SRC_1220,ACC_DST_2415,5000.00,INR,"Transfer ₹5,000.00 INR to Suresh Das (ACC_DST_2415) [Status: COMPLETED]","Refund issue mismatch: Expected ₹5,000.00 but processed ₹2,500.00",80,REVERSIBLE,COMPLETED,FAILED,WRONG_REFUND,COMPENSATE,CP-UNI-000486,BATCH-000005,False,2026-03-01T08:01:15+00:00
REC-UNI-00000161,BANKING,Autonomous P2P & Account Settlement,CUS_1002947,Varun Nair,+91-9000059840,ORG_GLOBAL_505,AGENT_PAY_01,TXN-UNI-00000161,ACT-UNI-00000161,ACC_SRC_1307,ACC_DST_2610,25000.00,INR,"Transfer ₹25,000.00 INR to Amit Banerjee (ACC_DST_2610) [Status: COMPLETED]",Action executed without required role permission token,92,REVERSIBLE,COMPLETED,FAILED,UNAUTHORIZED_ACTION,BLOCK_ACTION,CP-UNI-000161,BATCH-000002,True,2026-03-01T06:40:00+00:00
REC-UNI-00001156,ENTERPRISE_FINANCE,"Corporate Payroll, Invoices & Vendor Settlement",CUS_1000885,Amit Sen,+91-9000039288,ORG_CORP_101,AGENT_FIN_02,TXN-UNI-00001156,ACT-UNI-00001156,ACC_SRC_1061,ACC_DST_2828,5000.00,INR,"Transfer ₹5,000.00 INR to Kavya Sharma (ACC_DST_2828) [Status: COMPLETED]",Non-reversible external wire / immutable storage mutation triggered,98,IRREVERSIBLE,COMPLETED,FAILED,IRREVERSIBLE_ACTION,HUMAN_ESCALATION,CP-UNI-001156,BATCH-000012,True,2026-03-01T10:48:45+00:00
